075243090-> OPEN PORT: COM1@9600
075243159-> ********************** COMMAND BEGIN **********************
075243159-> data sent to printer:
075243160-> <2>e<3>
075243720-> No reponse from printer
075246217-> ********************** COMMAND BEGIN **********************
075246218-> data sent to printer:
075246218-> <2>Q<3>
075252274-> No reponse from printer
075252275-> ********************** COMMAND BEGIN **********************
075252275-> data sent to printer:
075252276-> <2>M<3>
075337335-> No reponse from printer
075346667-> OPEN PORT: COM1@9600
075346734-> ********************** COMMAND BEGIN **********************
075346734-> data sent to printer:
075346735-> <2>e<3>
075347296-> No reponse from printer
075412602-> OPEN PORT: COM1@9600
075412671-> ********************** COMMAND BEGIN **********************
075412672-> data sent to printer:
075412673-> <2>e<3>
075413231-> No reponse from printer
075432762-> OPEN PORT: COM1@9600
075432829-> ********************** COMMAND BEGIN **********************
075432829-> data sent to printer:
075432830-> <2>e<3>
075432834-> data received from printer:
075432992-> <21>
075440490-> ********************** COMMAND BEGIN **********************
075440490-> data sent to printer:
075440491-> <2>Q<3>
075440496-> data received from printer:
075440649-> <21>
075440649-> ********************** COMMAND BEGIN **********************
075440650-> data sent to printer:
075440650-> <2>M<3>
075440655-> data received from printer:
075440815-> <21>
075542332-> OPEN PORT: COM1@9600
075542893-> ********************** COMMAND BEGIN **********************
075542893-> data sent to printer:
075542894-> <2>e<3>
075543446-> No reponse from printer
080249144-> OPEN PORT: COM1@9600
080249212-> ********************** COMMAND BEGIN **********************
080249212-> data sent to printer:
080249213-> <2>e<3>
080249217-> data received from printer:
080249370-> <21>
080249985-> ********************** COMMAND BEGIN **********************
080249986-> data sent to printer:
080249986-> <2>Q<3>
080249991-> data received from printer:
080250144-> <21>
080250144-> ********************** COMMAND BEGIN **********************
080250144-> data sent to printer:
080250145-> <2>M<3>
080250150-> data received from printer:
080250309-> <21>
080305501-> OPEN PORT: COM1@9600
080305685-> ********************** COMMAND BEGIN **********************
080305685-> data sent to printer:
080305686-> <2>e<3>
080306246-> No reponse from printer
081408193-> OPEN PORT: COM1@9600
081408261-> ********************** COMMAND BEGIN **********************
081408261-> data sent to printer:
081408262-> <2>e<3>
081408823-> No reponse from printer
081421846-> OPEN PORT: COM1@9600
081421913-> ********************** COMMAND BEGIN **********************
081421913-> data sent to printer:
081421914-> <2>e<3>
081421918-> data received from printer:
081422083-> <21>
081423569-> ********************** COMMAND BEGIN **********************
081423570-> data sent to printer:
081423571-> <2>Q<3>
081423576-> data received from printer:
081423733-> <21>
081423734-> ********************** COMMAND BEGIN **********************
081423734-> data sent to printer:
081423735-> <2>M<3>
081423739-> data received from printer:
081423898-> <21>
081433962-> OPEN PORT: COM1@9600
081434028-> ********************** COMMAND BEGIN **********************
081434029-> data sent to printer:
081434029-> <2>e<3>
081434034-> data received from printer:
081434199-> <21>
081434200-> ********************** COMMAND BEGIN **********************
081434201-> data sent to printer:
081434202-> <2>Q<3>
081434206-> data received from printer:
081434363-> <21>
081434363-> ********************** COMMAND BEGIN **********************
081434364-> data sent to printer:
081434364-> <2>M<3>
081434369-> data received from printer:
081434529-> <21>
081438827-> OPEN PORT: COM1@9600
081438892-> OPEN PORT: COM1@9600
081438895-> ********************** COMMAND BEGIN **********************
081438895-> data sent to printer:
081438895-> <2>L&1<3>
081439557-> data received from printer:
081439730-> <2>6163*6162<3><6>
081439731-> ********************** COMMAND BEGIN **********************
081439732-> data sent to printer:
081439732-> <2>VRazon Social: CARLOS VALDEZ<3>
081439818-> data received from printer:
081439970-> <6>
081439971-> ********************** COMMAND BEGIN **********************
081439971-> data sent to printer:
081439971-> <2>VCI/Rif: V-10095881<3>
081440047-> data received from printer:
081440210-> <6>
081440211-> ********************** COMMAND BEGIN **********************
081440212-> data sent to printer:
081440212-> <2>V----------------------------------------<3>
081440312-> data received from printer:
081440464-> <6>
081440473-> ********************** COMMAND BEGIN **********************
081440473-> data sent to printer:
081440474-> <2>Y0<3>
081440481-> data received from printer:
081440737-> <2>SENIAT    J-00000000000001600*0800*3100*2          Bs.0TIS0900049160420250808<3><6>
081442372-> ********************** COMMAND BEGIN **********************
081442373-> data sent to printer:
081442373-> <2>VL074138 UPCRMONTES-MS46B-SMV<3>
081442460-> data received from printer:
081442610-> <6>
081442611-> ********************** COMMAND BEGIN **********************
081442611-> data sent to printer:
081442612-> <2>N11,000xBs4093,20     00004093201<3>
081442754-> data received from printer:
081442909-> <6>
081449762-> ********************** COMMAND BEGIN **********************
081449763-> data sent to printer:
081449763-> <2>O1<3>
081450313-> data received from printer:
081450485-> <2>474811<3><6>
081452530-> ********************** COMMAND BEGIN **********************
081452530-> data sent to printer:
081452531-> <2>P111/04/2025 EFECTIVO 000000474811<3>
081452726-> data received from printer:
081452883-> <6>
081452884-> ********************** COMMAND BEGIN **********************
081452884-> data sent to printer:
081452885-> <2>V<3>
081452941-> data received from printer:
081453094-> <6>
081453095-> ********************** COMMAND BEGIN **********************
081453095-> data sent to printer:
081453096-> <2>VNumero Orden: 0001466<3>
081453175-> data received from printer:
081453333-> <6>
081453333-> ********************** COMMAND BEGIN **********************
081453334-> data sent to printer:
081453334-> <2>V<3>
081453391-> data received from printer:
081453543-> <6>
081454855-> ********************** COMMAND BEGIN **********************
081454856-> data sent to printer:
081454856-> <2>Y0<3>
081454864-> data received from printer:
081455126-> <2>SENIAT    J-00000000000001600*0800*3100*2          Bs.0TIS0900049160420250808<3><6>
081455127-> ********************** COMMAND BEGIN **********************
081455127-> data sent to printer:
081455127-> <2>M<3>
081456426-> data received from printer:
081456578-> <6>
081517873-> OPEN PORT: COM1@9600
081517942-> ********************** COMMAND BEGIN **********************
081517943-> data sent to printer:
081517943-> <2>e<3>
081517948-> data received from printer:
081518104-> <21>
081518104-> ********************** COMMAND BEGIN **********************
081518105-> data sent to printer:
081518105-> <2>Q<3>
081518110-> data received from printer:
081518270-> <21>
081518271-> ********************** COMMAND BEGIN **********************
081518271-> data sent to printer:
081518271-> <2>M<3>
081518276-> data received from printer:
081518435-> <21>
081519096-> OPEN PORT: COM1@9600
081519163-> ********************** COMMAND BEGIN **********************
081519163-> data sent to printer:
081519163-> <2>e<3>
081519168-> data received from printer:
081519324-> <21>
081519324-> ********************** COMMAND BEGIN **********************
081519325-> data sent to printer:
081519325-> <2>Q<3>
081519330-> data received from printer:
081519490-> <21>
081519491-> ********************** COMMAND BEGIN **********************
081519491-> data sent to printer:
081519491-> <2>M<3>
081519496-> data received from printer:
081519655-> <21>
081519776-> OPEN PORT: COM1@9600
081519843-> OPEN PORT: COM1@9600
081519844-> ********************** COMMAND BEGIN **********************
081519844-> data sent to printer:
081519844-> <2>L&1<3>
081520506-> data received from printer:
081520681-> <2>6164*6162<3><6>
081520681-> ********************** COMMAND BEGIN **********************
081520682-> data sent to printer:
081520682-> <2>VRazon Social: CARLOS VALDEZ<3>
081520768-> data received from printer:
081520921-> <6>
081520922-> ********************** COMMAND BEGIN **********************
081520923-> data sent to printer:
081520923-> <2>VCI/Rif: V-10095881<3>
081520999-> data received from printer:
081521162-> <6>
081521163-> ********************** COMMAND BEGIN **********************
081521163-> data sent to printer:
081521163-> <2>V----------------------------------------<3>
081521262-> data received from printer:
081521416-> <6>
081521417-> ********************** COMMAND BEGIN **********************
081521417-> data sent to printer:
081521418-> <2>Y0<3>
081521425-> data received from printer:
081521674-> <2>SENIAT    J-00000000000001600*0800*3100*2          Bs.0TIS0900049160420250808<3><6>
081521675-> ********************** COMMAND BEGIN **********************
081521675-> data sent to printer:
081521676-> <2>VL074138 UPCRMONTES-MS46B-SMV<3>
081521762-> data received from printer:
081521915-> <6>
081521915-> ********************** COMMAND BEGIN **********************
081521916-> data sent to printer:
081521916-> <2>N11,000xBs4093,20     00004093201<3>
081522058-> data received from printer:
081522214-> <6>
081522238-> ********************** COMMAND BEGIN **********************
081522239-> data sent to printer:
081522240-> <2>O1<3>
081522791-> data received from printer:
081522962-> <2>474811<3><6>
081522972-> ********************** COMMAND BEGIN **********************
081522972-> data sent to printer:
081522972-> <2>P111/04/2025 EFECTIVO 000000474811<3>
081523168-> data received from printer:
081523322-> <6>
081523323-> ********************** COMMAND BEGIN **********************
081523324-> data sent to printer:
081523324-> <2>V<3>
081523381-> data received from printer:
081523546-> <6>
081523547-> ********************** COMMAND BEGIN **********************
081523547-> data sent to printer:
081523548-> <2>VNumero Orden: 0001466<3>
081523627-> data received from printer:
081523787-> <6>
081523788-> ********************** COMMAND BEGIN **********************
081523788-> data sent to printer:
081523789-> <2>V<3>
081523845-> data received from printer:
081523996-> <6>
081524016-> ********************** COMMAND BEGIN **********************
081524016-> data sent to printer:
081524017-> <2>Y0<3>
081524024-> data received from printer:
081524286-> <2>SENIAT    J-00000000000001600*0800*3100*2          Bs.0TIS0900049160420250808<3><6>
081524287-> ********************** COMMAND BEGIN **********************
081524287-> data sent to printer:
081524288-> <2>M<3>
081525586-> data received from printer:
081525738-> <6>
081549423-> OPEN PORT: COM1@9600
081549490-> ********************** COMMAND BEGIN **********************
081549490-> data sent to printer:
081549491-> <2>e<3>
081549495-> data received from printer:
081549657-> <21>
081549658-> ********************** COMMAND BEGIN **********************
081549658-> data sent to printer:
081549658-> <2>Q<3>
081549663-> data received from printer:
081549822-> <21>
081549822-> ********************** COMMAND BEGIN **********************
081549823-> data sent to printer:
081549823-> <2>M<3>
081549828-> data received from printer:
081549986-> <21>
081550145-> OPEN PORT: COM1@9600
081550212-> ********************** COMMAND BEGIN **********************
081550212-> data sent to printer:
081550213-> <2>e<3>
081550217-> data received from printer:
081550382-> <21>
081550383-> ********************** COMMAND BEGIN **********************
081550383-> data sent to printer:
081550383-> <2>Q<3>
081550388-> data received from printer:
081550548-> <21>
081550549-> ********************** COMMAND BEGIN **********************
081550549-> data sent to printer:
081550549-> <2>M<3>
081550554-> data received from printer:
081550713-> <21>
081550802-> OPEN PORT: COM1@9600
081550871-> OPEN PORT: COM1@9600
081550872-> ********************** COMMAND BEGIN **********************
081550872-> data sent to printer:
081550872-> <2>L&1<3>
081551532-> data received from printer:
081551704-> <2>6165*6162<3><6>
081551705-> ********************** COMMAND BEGIN **********************
081551706-> data sent to printer:
081551706-> <2>VRazon Social: CARLOS VALDEZ<3>
081551791-> data received from printer:
081551944-> <6>
081551945-> ********************** COMMAND BEGIN **********************
081551945-> data sent to printer:
081551945-> <2>VCI/Rif: V-10095881<3>
081552021-> data received from printer:
081552183-> <6>
081552184-> ********************** COMMAND BEGIN **********************
081552184-> data sent to printer:
081552185-> <2>V----------------------------------------<3>
081552284-> data received from printer:
081552438-> <6>
081552439-> ********************** COMMAND BEGIN **********************
081552439-> data sent to printer:
081552439-> <2>Y0<3>
081552447-> data received from printer:
081552699-> <2>SENIAT    J-00000000000001600*0800*3100*2          Bs.0TIS0900049160420250809<3><6>
081552700-> ********************** COMMAND BEGIN **********************
081552700-> data sent to printer:
081552701-> <2>VL074138 UPCRMONTES-MS46B-SMV<3>
081552787-> data received from printer:
081552939-> <6>
081552940-> ********************** COMMAND BEGIN **********************
081552940-> data sent to printer:
081552941-> <2>N11,000xBs4093,20     00004093201<3>
081553083-> data received from printer:
081553239-> <6>
081615734-> ********************** COMMAND BEGIN **********************
081615735-> data sent to printer:
081615735-> <2>O1<3>
081616284-> data received from printer:
081616455-> <2>474811<3><6>
081701580-> ********************** COMMAND BEGIN **********************
081701580-> data sent to printer:
081701582-> <2>P111/04/2025 EFECTIVO 000000474811<3>
081701777-> data received from printer:
081701938-> <6>
081701939-> ********************** COMMAND BEGIN **********************
081701939-> data sent to printer:
081701939-> <2>V<3>
081701996-> data received from printer:
081702148-> <6>
081702150-> ********************** COMMAND BEGIN **********************
081702151-> data sent to printer:
081702151-> <2>VNumero Orden: 0001466<3>
081702229-> data received from printer:
081702387-> <6>
081702388-> ********************** COMMAND BEGIN **********************
081702388-> data sent to printer:
081702388-> <2>V<3>
081702445-> data received from printer:
081702596-> <6>
081702601-> ********************** COMMAND BEGIN **********************
081702601-> data sent to printer:
081702602-> <2>Y0<3>
081702610-> data received from printer:
081702868-> <2>SENIAT    J-00000000000001600*0800*3100*2          Bs.0TIS0900049160420250810<3><6>
081702869-> ********************** COMMAND BEGIN **********************
081702869-> data sent to printer:
081702870-> <2>M<3>
081704167-> data received from printer:
081704319-> <6>
081712603-> OPEN PORT: COM1@9600
081712671-> ********************** COMMAND BEGIN **********************
081712671-> data sent to printer:
081712671-> <2>e<3>
081712676-> data received from printer:
081712834-> <21>
081712835-> ********************** COMMAND BEGIN **********************
081712835-> data sent to printer:
081712835-> <2>Q<3>
081712840-> data received from printer:
081712999-> <21>
081713000-> ********************** COMMAND BEGIN **********************
081713000-> data sent to printer:
081713001-> <2>M<3>
081713005-> data received from printer:
081713165-> <21>
081713316-> OPEN PORT: COM1@9600
081713385-> ********************** COMMAND BEGIN **********************
081713385-> data sent to printer:
081713385-> <2>e<3>
081713390-> data received from printer:
081713543-> <21>
081713543-> ********************** COMMAND BEGIN **********************
081713544-> data sent to printer:
081713544-> <2>Q<3>
081713549-> data received from printer:
081713709-> <21>
081713709-> ********************** COMMAND BEGIN **********************
081713710-> data sent to printer:
081713710-> <2>M<3>
081713715-> data received from printer:
081713873-> <21>
081713964-> OPEN PORT: COM1@9600
081714032-> OPEN PORT: COM1@9600
081714033-> ********************** COMMAND BEGIN **********************
081714033-> data sent to printer:
081714033-> <2>L&1<3>
081714695-> data received from printer:
081714867-> <2>6166*6162<3><6>
081714867-> ********************** COMMAND BEGIN **********************
081714868-> data sent to printer:
081714868-> <2>VRazon Social: CARLOS VALDEZ<3>
081714954-> data received from printer:
081715106-> <6>
081715107-> ********************** COMMAND BEGIN **********************
081715107-> data sent to printer:
081715108-> <2>VCI/Rif: V-10095881<3>
081715184-> data received from printer:
081715346-> <6>
081715347-> ********************** COMMAND BEGIN **********************
081715347-> data sent to printer:
081715347-> <2>V----------------------------------------<3>
081715447-> data received from printer:
081715600-> <6>
081715600-> ********************** COMMAND BEGIN **********************
081715601-> data sent to printer:
081715601-> <2>Y0<3>
081715609-> data received from printer:
081715856-> <2>SENIAT    J-00000000000001600*0800*3100*2          Bs.0TIS0900049160420250810<3><6>
081715857-> ********************** COMMAND BEGIN **********************
081715857-> data sent to printer:
081715857-> <2>VL074138 UPCRMONTES-MS46B-SMV<3>
081715944-> data received from printer:
081716096-> <6>
081716096-> ********************** COMMAND BEGIN **********************
081716097-> data sent to printer:
081716097-> <2>N11,000xBs4093,20     00004093201<3>
081716238-> data received from printer:
081716395-> <6>
081753321-> ********************** COMMAND BEGIN **********************
081753322-> data sent to printer:
081753322-> <2>O1<3>
081753872-> data received from printer:
081754045-> <2>474811<3><6>
081935292-> ********************** COMMAND BEGIN **********************
081935293-> data sent to printer:
081935293-> <2>P111/04/2025 EFECTIVO 000000474811<3>
081935488-> data received from printer:
081935653-> <6>
081949767-> ********************** COMMAND BEGIN **********************
081949768-> data sent to printer:
081949768-> <2>V<3>
081949825-> data received from printer:
081949984-> <6>
081950417-> ********************** COMMAND BEGIN **********************
081950418-> data sent to printer:
081950418-> <2>VNumero Orden: 0001466<3>
081950497-> data received from printer:
081950654-> <6>
081951048-> ********************** COMMAND BEGIN **********************
081951048-> data sent to printer:
081951049-> <2>V<3>
081951106-> data received from printer:
081951271-> <6>
082002972-> ********************** COMMAND BEGIN **********************
082002972-> data sent to printer:
082002973-> <2>Y0<3>
082002980-> data received from printer:
082003240-> <2>SENIAT    J-00000000000001600*0800*3100*2          Bs.0TIS0900049160420250813<3><6>
082004743-> ********************** COMMAND BEGIN **********************
082004743-> data sent to printer:
082004744-> <2>M<3>
082006042-> data received from printer:
082006205-> <6>
082329458-> OPEN PORT: COM1@9600
082329526-> ********************** COMMAND BEGIN **********************
082329526-> data sent to printer:
082329527-> <2>e<3>
082329532-> data received from printer:
082329683-> <21>
082329684-> ********************** COMMAND BEGIN **********************
082329685-> data sent to printer:
082329685-> <2>Q<3>
082329690-> data received from printer:
082329848-> <21>
082329849-> ********************** COMMAND BEGIN **********************
082329849-> data sent to printer:
082329850-> <2>M<3>
082329855-> data received from printer:
082330014-> <21>
082330213-> OPEN PORT: COM1@9600
082330281-> ********************** COMMAND BEGIN **********************
082330282-> data sent to printer:
082330282-> <2>e<3>
082330287-> data received from printer:
082330440-> <21>
082330440-> ********************** COMMAND BEGIN **********************
082330441-> data sent to printer:
082330441-> <2>Q<3>
082330446-> data received from printer:
082330605-> <21>
082330606-> ********************** COMMAND BEGIN **********************
082330606-> data sent to printer:
082330607-> <2>M<3>
082330611-> data received from printer:
082330770-> <21>
082330912-> OPEN PORT: COM1@9600
082330979-> OPEN PORT: COM1@9600
082330981-> ********************** COMMAND BEGIN **********************
082330982-> data sent to printer:
082330982-> <2>L&1<3>
082331643-> data received from printer:
082331808-> <2>6167*6162<3><6>
082331809-> ********************** COMMAND BEGIN **********************
082331810-> data sent to printer:
082331810-> <2>VRazon Social: CARLOS VALDEZ<3>
082331896-> data received from printer:
082332047-> <6>
082332048-> ********************** COMMAND BEGIN **********************
082332048-> data sent to printer:
082332049-> <2>VCI/Rif: V-10095881<3>
082332125-> data received from printer:
082332288-> <6>
082332290-> ********************** COMMAND BEGIN **********************
082332290-> data sent to printer:
082332290-> <2>V----------------------------------------<3>
082332390-> data received from printer:
082332542-> <6>
082332544-> ********************** COMMAND BEGIN **********************
082332545-> data sent to printer:
082332545-> <2>Y0<3>
082332553-> data received from printer:
082332814-> <2>SENIAT    J-00000000000001600*0800*3100*2          Bs.0TIS0900049160420250816<3><6>
082332817-> ********************** COMMAND BEGIN **********************
082332818-> data sent to printer:
082332818-> <2>VL074138 UPCRMONTES-MS46B-SMV<3>
082332905-> data received from printer:
082333070-> <6>
082333071-> ********************** COMMAND BEGIN **********************
082333071-> data sent to printer:
082333072-> <2>N11,000xBs4093,20     00004093201<3>
082333213-> data received from printer:
082333369-> <6>
082336402-> ********************** COMMAND BEGIN **********************
082336403-> data sent to printer:
082336403-> <2>O1<3>
082336952-> data received from printer:
082337122-> <2>474811<3><6>
082338182-> ********************** COMMAND BEGIN **********************
082338182-> data sent to printer:
082338182-> <2>P111/04/2025 EFECTIVO 000000474811<3>
082338378-> data received from printer:
082338530-> <6>
082339889-> ********************** COMMAND BEGIN **********************
082339890-> data sent to printer:
082339890-> <2>Y0<3>
082339898-> data received from printer:
082340156-> <2>SENIAT    J-00000000000001600*0800*3100*2          Bs.0TIS0900049160420250817<3><6>
082340157-> ********************** COMMAND BEGIN **********************
082340157-> data sent to printer:
082340158-> <2>V<3>
082340214-> data received from printer:
082340366-> <6>
082340366-> ********************** COMMAND BEGIN **********************
082340367-> data sent to printer:
082340367-> <2>VNumero Orden: 0001466<3>
082340446-> data received from printer:
082340606-> <6>
082340607-> ********************** COMMAND BEGIN **********************
082340607-> data sent to printer:
082340608-> <2>V<3>
082340664-> data received from printer:
082340815-> <6>
082340841-> ********************** COMMAND BEGIN **********************
082340841-> data sent to printer:
082340841-> <2>V<161><161><161>GRACIAS POR SU COMPRA!!!<3>
082340927-> data received from printer:
082341085-> <6>
082341086-> ********************** COMMAND BEGIN **********************
082341086-> data sent to printer:
082341086-> <2>VSolo se aceptaran devoluciones<3>
082341175-> data received from printer:
082341341-> <6>
082341342-> ********************** COMMAND BEGIN **********************
082341342-> data sent to printer:
082341343-> <2>Vpor defectos de fabrica, con la<3>
082341432-> data received from printer:
082341596-> <6>
082341596-> ********************** COMMAND BEGIN **********************
082341597-> data sent to printer:
082341597-> <2>Vpresentacion de esta factura (original),<3>
082341697-> data received from printer:
082341851-> <6>
082341852-> ********************** COMMAND BEGIN **********************
082341852-> data sent to printer:
082341852-> <2>Vdentro de los treinta (30) dias<3>
082341942-> data received from printer:
082342107-> <6>
082342107-> ********************** COMMAND BEGIN **********************
082342108-> data sent to printer:
082342108-> <2>Vsiguientes a la emision de la misma.<3>
082342203-> data received from printer:
082342362-> <6>
082342363-> ********************** COMMAND BEGIN **********************
082342363-> data sent to printer:
082342363-> <2>M<3>
082343661-> data received from printer:
082343814-> <6>
082348893-> OPEN PORT: COM1@9600
082348961-> ********************** COMMAND BEGIN **********************
082348961-> data sent to printer:
082348961-> <2>Y3<3>
082348969-> data received from printer:
082349153-> <2>6167*6162*16712591*0*<3><6>
090515887-> OPEN PORT: COM1@9600
090515955-> ********************** COMMAND BEGIN **********************
090515955-> data sent to printer:
090515955-> <2>e<3>
090515960-> data received from printer:
090516128-> <2>0000<3><6>
090541845-> OPEN PORT: COM1@9600
090541914-> ********************** COMMAND BEGIN **********************
090541914-> data sent to printer:
090541914-> <2>e<3>
090542466-> No reponse from printer
090554055-> OPEN PORT: COM1@9600
090554125-> ********************** COMMAND BEGIN **********************
090554125-> data sent to printer:
090554125-> <2>e<3>
090554130-> data received from printer:
090554287-> <2>0000<3><6>
090619252-> OPEN PORT: COM1@9600
090619320-> ********************** COMMAND BEGIN **********************
090619320-> data sent to printer:
090619321-> <2>e<3>
090619875-> No reponse from printer
100512865-> OPEN PORT: COM1@9600
100512932-> ********************** COMMAND BEGIN **********************
100512932-> data sent to printer:
100512933-> <2>e<3>
100513490-> No reponse from printer
100633532-> OPEN PORT: COM1@9600
100633601-> ********************** COMMAND BEGIN **********************
100633602-> data sent to printer:
100633602-> <2>e<3>
100634155-> No reponse from printer
100808222-> OPEN PORT: COM1@9600
100808292-> ********************** COMMAND BEGIN **********************
100808293-> data sent to printer:
100808293-> <2>e<3>
100808298-> data received from printer:
100808469-> <2>0000<3><6>
100931169-> OPEN PORT: COM1@9600
100931238-> ********************** COMMAND BEGIN **********************
100931238-> data sent to printer:
100931239-> <2>e<3>
100931243-> data received from printer:
100931415-> <2>0000<3><6>
101046072-> OPEN PORT: COM1@9600
101046140-> ********************** COMMAND BEGIN **********************
101046141-> data sent to printer:
101046141-> <2>e<3>
101046146-> data received from printer:
101046314-> <2>0000<3><6>
111133087-> OPEN PORT: COM1@9600
111133156-> ********************** COMMAND BEGIN **********************
111133156-> data sent to printer:
111133157-> <2>e<3>
111133162-> data received from printer:
111133322-> <2>0000<3><6>
111224561-> OPEN PORT: COM1@9600
111225012-> ********************** COMMAND BEGIN **********************
111225012-> data sent to printer:
111225013-> <2>e<3>
111225017-> data received from printer:
111225182-> <2>0000<3><6>
111239799-> ********************** COMMAND BEGIN **********************
111239800-> data sent to printer:
111239800-> <2>Q<3>
111239805-> data received from printer:
111239961-> <21>
111239962-> ********************** COMMAND BEGIN **********************
111239962-> data sent to printer:
111239962-> <2>M<3>
111239967-> data received from printer:
111240127-> <21>
111240398-> OPEN PORT: COM1@9600
111240465-> ********************** COMMAND BEGIN **********************
111240465-> data sent to printer:
111240466-> <2>e<3>
111240470-> data received from printer:
111240630-> <2>0000<3><6>
111325463-> OPEN PORT: COM1@9600
111325530-> OPEN PORT: COM1@9600
111325533-> ********************** COMMAND BEGIN **********************
111325533-> data sent to printer:
111325533-> <2>L&1<3>
111325800-> data received from printer:
111325978-> <2>3778*3738<3><6>
111325979-> ********************** COMMAND BEGIN **********************
111325979-> data sent to printer:
111325979-> <2>VRazon Social: CARLOS VALDEZ<3>
111326030-> data received from printer:
111326188-> <6>
111326189-> ********************** COMMAND BEGIN **********************
111326189-> data sent to printer:
111326189-> <2>VCI/Rif: V-10095881<3>
111326230-> data received from printer:
111326383-> <6>
111326384-> ********************** COMMAND BEGIN **********************
111326385-> data sent to printer:
111326385-> <2>V----------------------------------------<3>
111326450-> data received from printer:
111326608-> <6>
111326616-> ********************** COMMAND BEGIN **********************
111326617-> data sent to printer:
111326617-> <2>Y0<3>
111326623-> data received from printer:
111326913-> <2>SENIAT    J-001097449    1600*800*3100*2           Bs0TIU2206171160420251055*300<3><6>
111326916-> ********************** COMMAND BEGIN **********************
111326917-> data sent to printer:
111326917-> <2>VL074138 UPCRMONTES-MS46B-SMV<3>
111326969-> data received from printer:
111327123-> <6>
111327124-> ********************** COMMAND BEGIN **********************
111327124-> data sent to printer:
111327124-> <2>N11,000xBs4093,20     00004093201<3>
111327224-> data received from printer:
111327378-> <6>
111329176-> ********************** COMMAND BEGIN **********************
111329176-> data sent to printer:
111329177-> <2>O1<3>
111329237-> data received from printer:
111329400-> <2>474811<3><6>
111330055-> ********************** COMMAND BEGIN **********************
111330056-> data sent to printer:
111330056-> <2>P111/04/2025 EFECTIVO 000000474811<3>
111330148-> data received from printer:
111330301-> <6>
111331116-> ********************** COMMAND BEGIN **********************
111331116-> data sent to printer:
111331117-> <2>Y0<3>
111331123-> data received from printer:
111331409-> <2>SENIAT    J-001097449    1600*800*3100*2           Bs0TIU2206171160420251055*300<3><6>
111331410-> ********************** COMMAND BEGIN **********************
111331410-> data sent to printer:
111331410-> <2>V<3>
111331430-> data received from printer:
111331588-> <6>
111331589-> ********************** COMMAND BEGIN **********************
111331589-> data sent to printer:
111331589-> <2>VNumero Orden: 0001465<3>
111331633-> data received from printer:
111331784-> <6>
111331784-> ********************** COMMAND BEGIN **********************
111331785-> data sent to printer:
111331785-> <2>V<3>
111331804-> data received from printer:
111331964-> <6>
111331969-> ********************** COMMAND BEGIN **********************
111331970-> data sent to printer:
111331970-> <2>V<161><161><161>GRACIAS POR SU COMPRA!!!<3>
111332020-> data received from printer:
111332174-> <6>
111332174-> ********************** COMMAND BEGIN **********************
111332175-> data sent to printer:
111332175-> <2>VSolo se aceptaran devoluciones<3>
111332229-> data received from printer:
111332383-> <6>
111332383-> ********************** COMMAND BEGIN **********************
111332384-> data sent to printer:
111332384-> <2>Vpor defectos de fabrica, con la<3>
111332444-> data received from printer:
111332608-> <6>
111332608-> ********************** COMMAND BEGIN **********************
111332609-> data sent to printer:
111332609-> <2>Vpresentacion de esta factura (original),<3>
111332674-> data received from printer:
111332833-> <6>
111332833-> ********************** COMMAND BEGIN **********************
111332834-> data sent to printer:
111332834-> <2>Vdentro de los treinta (30) dias<3>
111332889-> data received from printer:
111333043-> <6>
111333043-> ********************** COMMAND BEGIN **********************
111333044-> data sent to printer:
111333044-> <2>Vsiguientes a la emision de la misma.<3>
111333104-> data received from printer:
111333268-> <6>
111333268-> ********************** COMMAND BEGIN **********************
111333269-> data sent to printer:
111333269-> <2>M<3>
111335080-> data received from printer:
111335245-> <6>
111340315-> OPEN PORT: COM1@9600
111340382-> ********************** COMMAND BEGIN **********************
111340383-> data sent to printer:
111340383-> <2>Y3<3>
111340389-> data received from printer:
111340572-> <2>3778*3738*317*298<3><6>
111447456-> OPEN PORT: COM1@9600
111447522-> ********************** COMMAND BEGIN **********************
111447523-> data sent to printer:
111447523-> <2>e<3>
111447528-> data received from printer:
111447691-> <2>0000<3><6>
111447691-> ********************** COMMAND BEGIN **********************
111447692-> data sent to printer:
111447692-> <2>Q<3>
111447697-> data received from printer:
111447856-> <21>
111447856-> ********************** COMMAND BEGIN **********************
111447857-> data sent to printer:
111447857-> <2>M<3>
111447862-> data received from printer:
111448022-> <21>
111449679-> OPEN PORT: COM1@9600
111449745-> ********************** COMMAND BEGIN **********************
111449746-> data sent to printer:
111449746-> <2>e<3>
111449751-> data received from printer:
111449910-> <2>0000<3><6>
111449911-> ********************** COMMAND BEGIN **********************
111449911-> data sent to printer:
111449911-> <2>Q<3>
111449916-> data received from printer:
111450076-> <21>
111450077-> ********************** COMMAND BEGIN **********************
111450077-> data sent to printer:
111450077-> <2>M<3>
111450082-> data received from printer:
111450241-> <21>
111450331-> OPEN PORT: COM1@9600
111450399-> OPEN PORT: COM1@9600
111450400-> ********************** COMMAND BEGIN **********************
111450400-> data sent to printer:
111450401-> <2>L&1<3>
111450667-> data received from printer:
111450832-> <2>3779*3738<3><6>
111450833-> ********************** COMMAND BEGIN **********************
111450833-> data sent to printer:
111450833-> <2>VRazon Social: CARLOS VALDEZ<3>
111450883-> data received from printer:
111451041-> <6>
111451041-> ********************** COMMAND BEGIN **********************
111451042-> data sent to printer:
111451042-> <2>VCI/Rif: V-10095881<3>
111451083-> data received from printer:
111451237-> <6>
111451238-> ********************** COMMAND BEGIN **********************
111451238-> data sent to printer:
111451238-> <2>V----------------------------------------<3>
111451303-> data received from printer:
111451461-> <6>
111451461-> ********************** COMMAND BEGIN **********************
111451462-> data sent to printer:
111451462-> <2>Y0<3>
111451468-> data received from printer:
111451750-> <2>SENIAT    J-001097449    1600*800*3100*2           Bs0TIU2206171160420251056*300<3><6>
111451751-> ********************** COMMAND BEGIN **********************
111451751-> data sent to printer:
111451751-> <2>VL074138 UPCRMONTES-MS46B-SMV<3>
111451803-> data received from printer:
111451960-> <6>
111451960-> ********************** COMMAND BEGIN **********************
111451961-> data sent to printer:
111451961-> <2>N11,000xBs4093,20     00004093201<3>
111452060-> data received from printer:
111452214-> <6>
111454791-> ********************** COMMAND BEGIN **********************
111454792-> data sent to printer:
111454792-> <2>O1<3>
111454853-> data received from printer:
111455018-> <2>474811<3><6>
111455918-> ********************** COMMAND BEGIN **********************
111455919-> data sent to printer:
111455919-> <2>P111/04/2025 EFECTIVO 000000474811<3>
111456011-> data received from printer:
111456173-> <6>
111456700-> ********************** COMMAND BEGIN **********************
111456701-> data sent to printer:
111456701-> <2>Y0<3>
111456707-> data received from printer:
111456993-> <2>SENIAT    J-001097449    1600*800*3100*2           Bs0TIU2206171160420251056*300<3><6>
111456994-> ********************** COMMAND BEGIN **********************
111456994-> data sent to printer:
111456994-> <2>V<3>
111457014-> data received from printer:
111457174-> <6>
111457174-> ********************** COMMAND BEGIN **********************
111457175-> data sent to printer:
111457175-> <2>VNumero Orden: 0001464<3>
111457217-> data received from printer:
111457383-> <6>
111457384-> ********************** COMMAND BEGIN **********************
111457385-> data sent to printer:
111457385-> <2>V<3>
111457404-> data received from printer:
111457563-> <6>
111457568-> ********************** COMMAND BEGIN **********************
111457568-> data sent to printer:
111457568-> <2>V<161><161><161>GRACIAS POR SU COMPRA!!!<3>
111457620-> data received from printer:
111457773-> <6>
111457774-> ********************** COMMAND BEGIN **********************
111457774-> data sent to printer:
111457774-> <2>VSolo se aceptaran devoluciones<3>
111457829-> data received from printer:
111457982-> <6>
111457982-> ********************** COMMAND BEGIN **********************
111457983-> data sent to printer:
111457983-> <2>Vpor defectos de fabrica, con la<3>
111458039-> data received from printer:
111458192-> <6>
111458192-> ********************** COMMAND BEGIN **********************
111458193-> data sent to printer:
111458193-> <2>Vpresentacion de esta factura (original),<3>
111458259-> data received from printer:
111458416-> <6>
111458417-> ********************** COMMAND BEGIN **********************
111458417-> data sent to printer:
111458417-> <2>Vdentro de los treinta (30) dias<3>
111458473-> data received from printer:
111458627-> <6>
111458628-> ********************** COMMAND BEGIN **********************
111458628-> data sent to printer:
111458628-> <2>Vsiguientes a la emision de la misma.<3>
111458689-> data received from printer:
111458851-> <6>
111458851-> ********************** COMMAND BEGIN **********************
111458852-> data sent to printer:
111458852-> <2>M<3>
111500662-> data received from printer:
111500827-> <6>
111505899-> OPEN PORT: COM1@9600
111505968-> ********************** COMMAND BEGIN **********************
111505968-> data sent to printer:
111505969-> <2>Y3<3>
111505974-> data received from printer:
111506157-> <2>3779*3738*317*298<3><6>
111631176-> OPEN PORT: COM1@9600
111631703-> ********************** COMMAND BEGIN **********************
111631703-> data sent to printer:
111631704-> <2>e<3>
111632259-> No reponse from printer
111700092-> OPEN PORT: COM1@9600
111700159-> ********************** COMMAND BEGIN **********************
111700159-> data sent to printer:
111700159-> <2>e<3>
111700714-> No reponse from printer
111714259-> OPEN PORT: COM1@9600
111714326-> ********************** COMMAND BEGIN **********************
111714326-> data sent to printer:
111714327-> <2>e<3>
111714331-> data received from printer:
111714502-> <2>0000<3><6>
111714502-> ********************** COMMAND BEGIN **********************
111714503-> data sent to printer:
111714503-> <2>Q<3>
111714508-> data received from printer:
111714667-> <21>
111714667-> ********************** COMMAND BEGIN **********************
111714668-> data sent to printer:
111714668-> <2>M<3>
111714673-> data received from printer:
111714832-> <21>
111717524-> OPEN PORT: COM1@9600
111717591-> ********************** COMMAND BEGIN **********************
111717592-> data sent to printer:
111717592-> <2>e<3>
111717597-> data received from printer:
111717767-> <2>0000<3><6>
111717767-> ********************** COMMAND BEGIN **********************
111717768-> data sent to printer:
111717768-> <2>Q<3>
111717773-> data received from printer:
111717932-> <21>
111717932-> ********************** COMMAND BEGIN **********************
111717933-> data sent to printer:
111717933-> <2>M<3>
111717938-> data received from printer:
111718096-> <21>
111718184-> OPEN PORT: COM1@9600
111718252-> OPEN PORT: COM1@9600
111718253-> ********************** COMMAND BEGIN **********************
111718253-> data sent to printer:
111718253-> <2>L&1<3>
111718521-> data received from printer:
111718699-> <2>3780*3738<3><6>
111718699-> ********************** COMMAND BEGIN **********************
111718700-> data sent to printer:
111718700-> <2>VRazon Social: CARLOS VALDEZ<3>
111718750-> data received from printer:
111718909-> <6>
111718909-> ********************** COMMAND BEGIN **********************
111718910-> data sent to printer:
111718910-> <2>VCI/Rif: V-10095881<3>
111718950-> data received from printer:
111719103-> <6>
111719104-> ********************** COMMAND BEGIN **********************
111719104-> data sent to printer:
111719104-> <2>V----------------------------------------<3>
111719170-> data received from printer:
111719329-> <6>
111719330-> ********************** COMMAND BEGIN **********************
111719330-> data sent to printer:
111719330-> <2>Y0<3>
111719336-> data received from printer:
111719633-> <2>SENIAT    J-001097449    1600*800*3100*2           Bs0TIU2206171160420251058*300<3><6>
111719633-> ********************** COMMAND BEGIN **********************
111719634-> data sent to printer:
111719634-> <2>VL074138 UPCRMONTES-MS46B-SMV<3>
111719686-> data received from printer:
111719842-> <6>
111719842-> ********************** COMMAND BEGIN **********************
111719843-> data sent to printer:
111719843-> <2>N11,000xBs4093,20     00004093201<3>
111719942-> data received from printer:
111720097-> <6>
111723562-> ********************** COMMAND BEGIN **********************
111723563-> data sent to printer:
111723563-> <2>O1<3>
111723624-> data received from printer:
111723787-> <2>474811<3><6>
111724237-> ********************** COMMAND BEGIN **********************
111724238-> data sent to printer:
111724238-> <2>P111/04/2025 EFECTIVO 000000474811<3>
111724329-> data received from printer:
111724483-> <6>
111724990-> ********************** COMMAND BEGIN **********************
111724990-> data sent to printer:
111724991-> <2>Y0<3>
111724996-> data received from printer:
111725289-> <2>SENIAT    J-001097449    1600*800*3100*2           Bs0TIU2206171160420251059*300<3><6>
111725290-> ********************** COMMAND BEGIN **********************
111725290-> data sent to printer:
111725290-> <2>V<3>
111725311-> data received from printer:
111725471-> <6>
111725471-> ********************** COMMAND BEGIN **********************
111725472-> data sent to printer:
111725472-> <2>VNumero Orden: 0001463<3>
111725517-> data received from printer:
111725680-> <6>
111725680-> ********************** COMMAND BEGIN **********************
111725681-> data sent to printer:
111725681-> <2>V<3>
111725700-> data received from printer:
111725860-> <6>
111725865-> ********************** COMMAND BEGIN **********************
111725866-> data sent to printer:
111725866-> <2>V<161><161><161>GRACIAS POR SU COMPRA!!!<3>
111725916-> data received from printer:
111726069-> <6>
111726070-> ********************** COMMAND BEGIN **********************
111726070-> data sent to printer:
111726070-> <2>VSolo se aceptaran devoluciones<3>
111726125-> data received from printer:
111726279-> <6>
111726280-> ********************** COMMAND BEGIN **********************
111726280-> data sent to printer:
111726281-> <2>Vpor defectos de fabrica, con la<3>
111726335-> data received from printer:
111726488-> <6>
111726489-> ********************** COMMAND BEGIN **********************
111726489-> data sent to printer:
111726489-> <2>Vpresentacion de esta factura (original),<3>
111726555-> data received from printer:
111726713-> <6>
111726714-> ********************** COMMAND BEGIN **********************
111726714-> data sent to printer:
111726714-> <2>Vdentro de los treinta (30) dias<3>
111726769-> data received from printer:
111726924-> <6>
111726924-> ********************** COMMAND BEGIN **********************
111726925-> data sent to printer:
111726925-> <2>Vsiguientes a la emision de la misma.<3>
111726987-> data received from printer:
111727148-> <6>
111727149-> ********************** COMMAND BEGIN **********************
111727149-> data sent to printer:
111727149-> <2>M<3>
111728963-> data received from printer:
111729124-> <6>
111734181-> OPEN PORT: COM1@9600
111734250-> ********************** COMMAND BEGIN **********************
111734250-> data sent to printer:
111734250-> <2>Y3<3>
111734256-> data received from printer:
111734439-> <2>3780*3738*317*298<3><6>
112740402-> OPEN PORT: COM1@9600
112740468-> ********************** COMMAND BEGIN **********************
112740469-> data sent to printer:
112740469-> <2>e<3>
112740474-> data received from printer:
112740642-> <2>0000<3><6>
112740642-> ********************** COMMAND BEGIN **********************
112740643-> data sent to printer:
112740643-> <2>Q<3>
112740648-> data received from printer:
112740806-> <21>
112740806-> ********************** COMMAND BEGIN **********************
112740807-> data sent to printer:
112740807-> <2>M<3>
112740812-> data received from printer:
112740971-> <21>
112742836-> OPEN PORT: COM1@9600
112742904-> ********************** COMMAND BEGIN **********************
112742904-> data sent to printer:
112742904-> <2>e<3>
112742909-> data received from printer:
112743071-> <2>0000<3><6>
112743072-> ********************** COMMAND BEGIN **********************
112743072-> data sent to printer:
112743072-> <2>Q<3>
112743077-> data received from printer:
112743235-> <21>
112743236-> ********************** COMMAND BEGIN **********************
112743236-> data sent to printer:
112743236-> <2>M<3>
112743241-> data received from printer:
112743400-> <21>
112743494-> OPEN PORT: COM1@9600
112743562-> OPEN PORT: COM1@9600
112743563-> ********************** COMMAND BEGIN **********************
112743563-> data sent to printer:
112743563-> <2>L&1<3>
112743830-> data received from printer:
112744007-> <2>3781*3738<3><6>
112744007-> ********************** COMMAND BEGIN **********************
112744007-> data sent to printer:
112744007-> <2>VRazon Social: CARLOS VALDEZ<3>
112744057-> data received from printer:
112744217-> <6>
112744218-> ********************** COMMAND BEGIN **********************
112744218-> data sent to printer:
112744218-> <2>VCI/Rif: V-10095881<3>
112744258-> data received from printer:
112744411-> <6>
112744412-> ********************** COMMAND BEGIN **********************
112744412-> data sent to printer:
112744412-> <2>V----------------------------------------<3>
112744478-> data received from printer:
112744636-> <6>
112744637-> ********************** COMMAND BEGIN **********************
112744637-> data sent to printer:
112744637-> <2>Y0<3>
112744643-> data received from printer:
112744940-> <2>SENIAT    J-001097449    1600*800*3100*2           Bs0TIU2206171160420251109*300<3><6>
112744941-> ********************** COMMAND BEGIN **********************
112744941-> data sent to printer:
112744942-> <2>VL074138 UPCRMONTES-MS46B-SMV<3>
112744994-> data received from printer:
112745150-> <6>
112745151-> ********************** COMMAND BEGIN **********************
112745151-> data sent to printer:
112745151-> <2>N11,000xBs4093,20     00004093201<3>
112745250-> data received from printer:
112745405-> <6>
112749211-> ********************** COMMAND BEGIN **********************
112749212-> data sent to printer:
112749212-> <2>OT374800<0><0><0><0><0><128><225><232><3>
112749293-> data received from printer:
112749459-> <2>486055<3><6>
112750208-> ********************** COMMAND BEGIN **********************
112750209-> data sent to printer:
112750210-> <2>P111/04/2025 EFECTIVO 000000100000<3>
112750301-> data received from printer:
112750452-> <6>
112750453-> ********************** COMMAND BEGIN **********************
112750453-> data sent to printer:
112750454-> <2>P1DIVISAS             000000443556<3>
112750546-> data received from printer:
112750707-> <6>
112751532-> ********************** COMMAND BEGIN **********************
112751533-> data sent to printer:
112751533-> <2>Y0<3>
112751539-> data received from printer:
112751823-> <2>SENIAT    J-001097449    1600*800*3100*2           Bs0TIU2206171160420251109*300<3><6>
112751824-> ********************** COMMAND BEGIN **********************
112751824-> data sent to printer:
112751824-> <2>V<3>
112751843-> data received from printer:
112752004-> <6>
112752005-> ********************** COMMAND BEGIN **********************
112752005-> data sent to printer:
112752006-> <2>VNumero Orden: 0001462<3>
112752048-> data received from printer:
112752214-> <6>
112752215-> ********************** COMMAND BEGIN **********************
112752215-> data sent to printer:
112752216-> <2>V<3>
112752236-> data received from printer:
112752393-> <6>
112752398-> ********************** COMMAND BEGIN **********************
112752398-> data sent to printer:
112752398-> <2>V<161><161><161>GRACIAS POR SU COMPRA!!!<3>
112752449-> data received from printer:
112752603-> <6>
112752604-> ********************** COMMAND BEGIN **********************
112752604-> data sent to printer:
112752605-> <2>VSolo se aceptaran devoluciones<3>
112752658-> data received from printer:
112752813-> <6>
112752813-> ********************** COMMAND BEGIN **********************
112752814-> data sent to printer:
112752814-> <2>Vpor defectos de fabrica, con la<3>
112752869-> data received from printer:
112753023-> <6>
112753023-> ********************** COMMAND BEGIN **********************
112753024-> data sent to printer:
112753024-> <2>Vpresentacion de esta factura (original),<3>
112753091-> data received from printer:
112753247-> <6>
112753248-> ********************** COMMAND BEGIN **********************
112753248-> data sent to printer:
112753248-> <2>Vdentro de los treinta (30) dias<3>
112753304-> data received from printer:
112753458-> <6>
112753458-> ********************** COMMAND BEGIN **********************
112753459-> data sent to printer:
112753459-> <2>Vsiguientes a la emision de la misma.<3>
112753519-> data received from printer:
112753682-> <6>
112753682-> ********************** COMMAND BEGIN **********************
112753683-> data sent to printer:
112753683-> <2>M<3>
112755626-> data received from printer:
112755777-> <6>
112800840-> OPEN PORT: COM1@9600
112800908-> ********************** COMMAND BEGIN **********************
112800909-> data sent to printer:
112800909-> <2>Y3<3>
112800915-> data received from printer:
112801099-> <2>3781*3738*317*298<3><6>
112801196-> OPEN PORT: COM1@9600
112801266-> ********************** COMMAND BEGIN **********************
112801266-> data sent to printer:
112801267-> <2>S<3>
112801483-> data received from printer:
112801643-> <6>
112801644-> ********************** COMMAND BEGIN **********************
112801644-> data sent to printer:
112801644-> <2>V----------------------------------------<3>
112801706-> data received from printer:
112801868-> <6>
112801868-> ********************** COMMAND BEGIN **********************
112801869-> data sent to printer:
112801869-> <2>V <3>
112801889-> data received from printer:
112802048-> <6>
112802048-> ********************** COMMAND BEGIN **********************
112802049-> data sent to printer:
112802049-> <2>VOs: 0001462<3>
112802079-> data received from printer:
112802243-> <6>
112802244-> ********************** COMMAND BEGIN **********************
112802244-> data sent to printer:
112802244-> <2>VFactura:  0003781<3>
112802282-> data received from printer:
112802439-> <6>
112802439-> ********************** COMMAND BEGIN **********************
112802439-> data sent to printer:
112802439-> <2>VCorrelativo: 2<3>
112802474-> data received from printer:
112802634-> <6>
112802635-> ********************** COMMAND BEGIN **********************
112802635-> data sent to printer:
112802635-> <2>VNombre de la sucursal: 302-OPTICA SAGA BUENAVENTURA<3>
112802709-> data received from printer:
112802859-> <6>
112802860-> ********************** COMMAND BEGIN **********************
112802860-> data sent to printer:
112802861-> <2>VCliente: V-10095881<3>
112802900-> data received from printer:
112803055-> <6>
112803056-> ********************** COMMAND BEGIN **********************
112803056-> data sent to printer:
112803056-> <2>VTelefono: 0424-1265113 <3>
112803101-> data received from printer:
112803265-> <6>
112803266-> ********************** COMMAND BEGIN **********************
112803266-> data sent to printer:
112803267-> <2>VBanco: MERCANTIL<3>
112803304-> data received from printer:
112803461-> <6>
112803461-> ********************** COMMAND BEGIN **********************
112803462-> data sent to printer:
112803462-> <2>VMonto:    687,51<3>
112803498-> data received from printer:
112803656-> <6>
112803656-> ********************** COMMAND BEGIN **********************
112803657-> data sent to printer:
112803657-> <2>V <3>
112803677-> data received from printer:
112803837-> <6>
112803838-> ********************** COMMAND BEGIN **********************
112803838-> data sent to printer:
112803838-> <2>V----------------------------------------<3>
112803901-> data received from printer:
112804061-> <6>
112804062-> ********************** COMMAND BEGIN **********************
112804062-> data sent to printer:
112804063-> <2>T<3>
112806818-> data received from printer:
112806979-> <6>
113233791-> OPEN PORT: COM1@9600
113233859-> ********************** COMMAND BEGIN **********************
113233859-> data sent to printer:
113233859-> <2>e<3>
113233864-> data received from printer:
113234030-> <2>0000<3><6>
113234031-> ********************** COMMAND BEGIN **********************
113234031-> data sent to printer:
113234031-> <2>Q<3>
113234036-> data received from printer:
113234195-> <21>
113234196-> ********************** COMMAND BEGIN **********************
113234196-> data sent to printer:
113234196-> <2>M<3>
113234201-> data received from printer:
113234359-> <21>
113234534-> OPEN PORT: COM1@9600
113234604-> ********************** COMMAND BEGIN **********************
113234604-> data sent to printer:
113234604-> <2>e<3>
113234609-> data received from printer:
113234773-> <2>0000<3><6>
113234774-> ********************** COMMAND BEGIN **********************
113234774-> data sent to printer:
113234774-> <2>Q<3>
113234779-> data received from printer:
113234939-> <21>
113234940-> ********************** COMMAND BEGIN **********************
113234940-> data sent to printer:
113234940-> <2>M<3>
113234945-> data received from printer:
113235104-> <21>
113235196-> OPEN PORT: COM1@9600
113235265-> OPEN PORT: COM1@9600
113235266-> ********************** COMMAND BEGIN **********************
113235266-> data sent to printer:
113235266-> <2>L&1<3>
113235533-> data received from printer:
113235709-> <2>3782*3738<3><6>
113235710-> ********************** COMMAND BEGIN **********************
113235710-> data sent to printer:
113235710-> <2>VRazon Social: CARLOS VALDEZ<3>
113235760-> data received from printer:
113235919-> <6>
113235920-> ********************** COMMAND BEGIN **********************
113235920-> data sent to printer:
113235920-> <2>VCI/Rif: V-10095881<3>
113235960-> data received from printer:
113236114-> <6>
113236115-> ********************** COMMAND BEGIN **********************
113236115-> data sent to printer:
113236115-> <2>V----------------------------------------<3>
113236182-> data received from printer:
113236339-> <6>
113236340-> ********************** COMMAND BEGIN **********************
113236340-> data sent to printer:
113236340-> <2>Y0<3>
113236346-> data received from printer:
113236643-> <2>SENIAT    J-001097449    1600*800*3100*2           Bs0TIU2206171160420251114*300<3><6>
113236644-> ********************** COMMAND BEGIN **********************
113236644-> data sent to printer:
113236644-> <2>VL074138 UPCRMONTES-MS46B-SMV<3>
113236696-> data received from printer:
113236853-> <6>
113236854-> ********************** COMMAND BEGIN **********************
113236854-> data sent to printer:
113236854-> <2>N11,000xBs4093,20     00004093201<3>
113236953-> data received from printer:
113237108-> <6>
113422821-> ********************** COMMAND BEGIN **********************
113422822-> data sent to printer:
113422822-> <2>OT374800<0><0><216><163><175><15>w.<3>
113422903-> data received from printer:
113423076-> <2>486055<3><6>
113457437-> ********************** COMMAND BEGIN **********************
113457437-> data sent to printer:
113457438-> <2>P111/04/2025 EFECTIVO 000000100000<3>
113457528-> data received from printer:
113457689-> <6>
113725336-> ********************** COMMAND BEGIN **********************
113725336-> data sent to printer:
113725337-> <2>P1DIVISAS             000000443556<3>
113725431-> data received from printer:
113725592-> <6>
113726366-> ********************** COMMAND BEGIN **********************
113726366-> data sent to printer:
113726366-> <2>Y0<3>
113726372-> data received from printer:
113726661-> <2>SENIAT    J-001097449    1600*800*3100*2           Bs0TIU2206171160420251119*300<3><6>
113726661-> ********************** COMMAND BEGIN **********************
113726662-> data sent to printer:
113726662-> <2>V<3>
113726681-> data received from printer:
113726841-> <6>
113726842-> ********************** COMMAND BEGIN **********************
113726842-> data sent to printer:
113726843-> <2>VNumero Orden: 0001461<3>
113726886-> data received from printer:
113727050-> <6>
113727050-> ********************** COMMAND BEGIN **********************
113727051-> data sent to printer:
113727051-> <2>V<3>
113727071-> data received from printer:
113727230-> <6>
113727235-> ********************** COMMAND BEGIN **********************
113727235-> data sent to printer:
113727236-> <2>V<161><161><161>GRACIAS POR SU COMPRA!!!<3>
113727287-> data received from printer:
113727439-> <6>
113727439-> ********************** COMMAND BEGIN **********************
113727440-> data sent to printer:
113727440-> <2>VSolo se aceptaran devoluciones<3>
113727494-> data received from printer:
113727649-> <6>
113727649-> ********************** COMMAND BEGIN **********************
113727650-> data sent to printer:
113727650-> <2>Vpor defectos de fabrica, con la<3>
113727705-> data received from printer:
113727859-> <6>
113727859-> ********************** COMMAND BEGIN **********************
113727860-> data sent to printer:
113727860-> <2>Vpresentacion de esta factura (original),<3>
113727927-> data received from printer:
113728084-> <6>
113728085-> ********************** COMMAND BEGIN **********************
113728085-> data sent to printer:
113728086-> <2>Vdentro de los treinta (30) dias<3>
113728140-> data received from printer:
113728294-> <6>
113728295-> ********************** COMMAND BEGIN **********************
113728295-> data sent to printer:
113728295-> <2>Vsiguientes a la emision de la misma.<3>
113728356-> data received from printer:
113728518-> <6>
113728519-> ********************** COMMAND BEGIN **********************
113728519-> data sent to printer:
113728519-> <2>M<3>
113730464-> data received from printer:
113730629-> <6>
113735696-> OPEN PORT: COM1@9600
113735764-> ********************** COMMAND BEGIN **********************
113735765-> data sent to printer:
113735765-> <2>Y3<3>
113735771-> data received from printer:
113735954-> <2>3782*3738*317*298<3><6>
113736047-> OPEN PORT: COM1@9600
113736114-> ********************** COMMAND BEGIN **********************
113736114-> data sent to printer:
113736114-> <2>S<3>
113736331-> data received from printer:
113736496-> <6>
113736497-> ********************** COMMAND BEGIN **********************
113736497-> data sent to printer:
113736497-> <2>V----------------------------------------<3>
113736560-> data received from printer:
113736720-> <6>
113736721-> ********************** COMMAND BEGIN **********************
113736721-> data sent to printer:
113736722-> <2>V <3>
113736742-> data received from printer:
113736901-> <6>
113736902-> ********************** COMMAND BEGIN **********************
113736902-> data sent to printer:
113736902-> <2>VOs: 0001461<3>
113736933-> data received from printer:
113737095-> <6>
113737095-> ********************** COMMAND BEGIN **********************
113737096-> data sent to printer:
113737096-> <2>VFactura:  0003782<3>
113737134-> data received from printer:
113737291-> <6>
113737292-> ********************** COMMAND BEGIN **********************
113737292-> data sent to printer:
113737292-> <2>VCorrelativo: 3<3>
113737327-> data received from printer:
113737486-> <6>
113737487-> ********************** COMMAND BEGIN **********************
113737487-> data sent to printer:
113737487-> <2>VNombre de la sucursal: 302-OPTICA SAGA BUENAVENTURA<3>
113737561-> data received from printer:
113737726-> <6>
113737727-> ********************** COMMAND BEGIN **********************
113737727-> data sent to printer:
113737727-> <2>VCliente: V-10095881<3>
113737767-> data received from printer:
113737921-> <6>
113737922-> ********************** COMMAND BEGIN **********************
113737922-> data sent to printer:
113737923-> <2>VTelefono: 0424-1265113 <3>
113737967-> data received from printer:
113738131-> <6>
113738131-> ********************** COMMAND BEGIN **********************
113738132-> data sent to printer:
113738132-> <2>VBanco: MERCANTIL<3>
113738169-> data received from printer:
113738326-> <6>
113738327-> ********************** COMMAND BEGIN **********************
113738327-> data sent to printer:
113738327-> <2>VMonto:    687,51<3>
113738364-> data received from printer:
113738522-> <6>
113738522-> ********************** COMMAND BEGIN **********************
113738523-> data sent to printer:
113738523-> <2>V <3>
113738543-> data received from printer:
113738702-> <6>
113738703-> ********************** COMMAND BEGIN **********************
113738703-> data sent to printer:
113738703-> <2>V----------------------------------------<3>
113738766-> data received from printer:
113738927-> <6>
113738927-> ********************** COMMAND BEGIN **********************
113738928-> data sent to printer:
113738928-> <2>T<3>
113741683-> data received from printer:
113741845-> <6>
114156304-> OPEN PORT: COM1@9600
114156375-> ********************** COMMAND BEGIN **********************
114156375-> data sent to printer:
114156375-> <2>e<3>
114156380-> data received from printer:
114156552-> <2>0000<3><6>
114156553-> ********************** COMMAND BEGIN **********************
114156553-> data sent to printer:
114156554-> <2>Q<3>
114156559-> data received from printer:
114156717-> <21>
114156718-> ********************** COMMAND BEGIN **********************
114156719-> data sent to printer:
114156719-> <2>M<3>
114156724-> data received from printer:
114156883-> <21>
114157257-> OPEN PORT: COM1@9600
114157325-> ********************** COMMAND BEGIN **********************
114157326-> data sent to printer:
114157326-> <2>e<3>
114157331-> data received from printer:
114157492-> <2>0000<3><6>
114157492-> ********************** COMMAND BEGIN **********************
114157493-> data sent to printer:
114157493-> <2>Q<3>
114157498-> data received from printer:
114157656-> <21>
114157657-> ********************** COMMAND BEGIN **********************
114157657-> data sent to printer:
114157657-> <2>M<3>
114157662-> data received from printer:
114157821-> <21>
114157965-> OPEN PORT: COM1@9600
114158033-> OPEN PORT: COM1@9600
114158035-> ********************** COMMAND BEGIN **********************
114158035-> data sent to printer:
114158036-> <2>L&1<3>
114158302-> data received from printer:
114158471-> <2>3783*3738<3><6>
114158472-> ********************** COMMAND BEGIN **********************
114158472-> data sent to printer:
114158473-> <2>VRazon Social: CARLOS VALDEZ<3>
114158523-> data received from printer:
114158681-> <6>
114158681-> ********************** COMMAND BEGIN **********************
114158682-> data sent to printer:
114158682-> <2>VCI/Rif: V-10095881<3>
114158722-> data received from printer:
114158876-> <6>
114158877-> ********************** COMMAND BEGIN **********************
114158878-> data sent to printer:
114158878-> <2>V----------------------------------------<3>
114158944-> data received from printer:
114159101-> <6>
114159103-> ********************** COMMAND BEGIN **********************
114159103-> data sent to printer:
114159103-> <2>Y0<3>
114159109-> data received from printer:
114159406-> <2>SENIAT    J-001097449    1600*800*3100*2           Bs0TIU2206171160420251123*300<3><6>
114159410-> ********************** COMMAND BEGIN **********************
114159410-> data sent to printer:
114159410-> <2>VL074138 UPCRMONTES-MS46B-SMV<3>
114159462-> data received from printer:
114159616-> <6>
114159617-> ********************** COMMAND BEGIN **********************
114159617-> data sent to printer:
114159617-> <2>N11,000xBs4093,20     00004093201<3>
114159716-> data received from printer:
114159870-> <6>
115607153-> ********************** COMMAND BEGIN **********************
115607153-> data sent to printer:
115607154-> <2>OT374800<0><0><0><0><0><128>U <3>
115607235-> data received from printer:
115607408-> <2>486055<3><6>
115609561-> ********************** COMMAND BEGIN **********************
115609561-> data sent to printer:
115609562-> <2>P111/04/2025 EFECTIVO 000000100000<3>
115609651-> data received from printer:
115609809-> <6>
115610608-> ********************** COMMAND BEGIN **********************
115610609-> data sent to printer:
115610609-> <2>P1DIVISAS             000000374811<3>
115610701-> data received from printer:
115610860-> <6>
115611555-> ********************** COMMAND BEGIN **********************
115611555-> data sent to printer:
115611555-> <2>Y0<3>
115611561-> data received from printer:
115611850-> <2>SENIAT    J-001097449    1600*800*3100*2           Bs0TIU2206171160420251137*300<3><6>
115611851-> ********************** COMMAND BEGIN **********************
115611851-> data sent to printer:
115611852-> <2>V<3>
115611871-> data received from printer:
115612031-> <6>
115612032-> ********************** COMMAND BEGIN **********************
115612032-> data sent to printer:
115612032-> <2>VNumero Orden: 0001460<3>
115612075-> data received from printer:
115612241-> <6>
115612242-> ********************** COMMAND BEGIN **********************
115612242-> data sent to printer:
115612242-> <2>V<3>
115612262-> data received from printer:
115612421-> <6>
115612457-> ********************** COMMAND BEGIN **********************
115612457-> data sent to printer:
115612458-> <2>V<161><161><161>GRACIAS POR SU COMPRA!!!<3>
115612509-> data received from printer:
115612662-> <6>
115612662-> ********************** COMMAND BEGIN **********************
115612663-> data sent to printer:
115612663-> <2>VSolo se aceptaran devoluciones<3>
115612716-> data received from printer:
115612872-> <6>
115612873-> ********************** COMMAND BEGIN **********************
115612873-> data sent to printer:
115612873-> <2>Vpor defectos de fabrica, con la<3>
115612928-> data received from printer:
115613082-> <6>
115613083-> ********************** COMMAND BEGIN **********************
115613083-> data sent to printer:
115613083-> <2>Vpresentacion de esta factura (original),<3>
115613149-> data received from printer:
115613307-> <6>
115613307-> ********************** COMMAND BEGIN **********************
115613308-> data sent to printer:
115613308-> <2>Vdentro de los treinta (30) dias<3>
115613364-> data received from printer:
115613517-> <6>
115613518-> ********************** COMMAND BEGIN **********************
115613518-> data sent to printer:
115613518-> <2>Vsiguientes a la emision de la misma.<3>
115613579-> data received from printer:
115613742-> <6>
115613742-> ********************** COMMAND BEGIN **********************
115613743-> data sent to printer:
115613743-> <2>M<3>
115615660-> data received from printer:
115615822-> <6>
115620904-> OPEN PORT: COM1@9600
115620974-> ********************** COMMAND BEGIN **********************
115620974-> data sent to printer:
115620974-> <2>Y3<3>
115620980-> data received from printer:
115621162-> <2>3783*3738*317*298<3><6>
115654367-> OPEN PORT: COM1@9600
115654434-> ********************** COMMAND BEGIN **********************
115654435-> data sent to printer:
115654435-> <2>e<3>
115654440-> data received from printer:
115654599-> <2>0000<3><6>
115654600-> ********************** COMMAND BEGIN **********************
115654600-> data sent to printer:
115654600-> <2>Q<3>
115654605-> data received from printer:
115654764-> <21>
115654764-> ********************** COMMAND BEGIN **********************
115654765-> data sent to printer:
115654765-> <2>M<3>
115654770-> data received from printer:
115654930-> <21>
115655084-> OPEN PORT: COM1@9600
115655153-> ********************** COMMAND BEGIN **********************
115655153-> data sent to printer:
115655154-> <2>e<3>
115655158-> data received from printer:
115655324-> <2>0000<3><6>
115655325-> ********************** COMMAND BEGIN **********************
115655325-> data sent to printer:
115655325-> <2>Q<3>
115655330-> data received from printer:
115655490-> <21>
115655491-> ********************** COMMAND BEGIN **********************
115655491-> data sent to printer:
115655491-> <2>M<3>
115655496-> data received from printer:
115655654-> <21>
115655745-> OPEN PORT: COM1@9600
115655813-> OPEN PORT: COM1@9600
115655814-> ********************** COMMAND BEGIN **********************
115655814-> data sent to printer:
115655814-> <2>L&1<3>
115656082-> data received from printer:
115656257-> <2>3784*3738<3><6>
115656258-> ********************** COMMAND BEGIN **********************
115656258-> data sent to printer:
115656258-> <2>VRazon Social: CARLOS VALDEZ<3>
115656309-> data received from printer:
115656466-> <6>
115656466-> ********************** COMMAND BEGIN **********************
115656467-> data sent to printer:
115656467-> <2>VCI/Rif: V-10095881<3>
115656508-> data received from printer:
115656662-> <6>
115656662-> ********************** COMMAND BEGIN **********************
115656663-> data sent to printer:
115656663-> <2>V----------------------------------------<3>
115656727-> data received from printer:
115656887-> <6>
115656888-> ********************** COMMAND BEGIN **********************
115656888-> data sent to printer:
115656888-> <2>Y0<3>
115656894-> data received from printer:
115657178-> <2>SENIAT    J-001097449    1600*800*3100*2           Bs0TIU2206171160420251138*300<3><6>
115657179-> ********************** COMMAND BEGIN **********************
115657179-> data sent to printer:
115657179-> <2>VL074138 UPCRMONTES-MS46B-SMV<3>
115657231-> data received from printer:
115657389-> <6>
115657390-> ********************** COMMAND BEGIN **********************
115657390-> data sent to printer:
115657391-> <2>N11,000xBs4093,20     00004093201<3>
115657491-> data received from printer:
115657643-> <6>
115705408-> ********************** COMMAND BEGIN **********************
115705408-> data sent to printer:
115705409-> <2>O1<3>
115705468-> data received from printer:
115705641-> <2>474811<3><6>
115713456-> ********************** COMMAND BEGIN **********************
115713456-> data sent to printer:
115713456-> <2>P111/04/2025 EFECTIVO 000000474811<3>
115713548-> data received from printer:
115713705-> <6>
115720647-> ********************** COMMAND BEGIN **********************
115720647-> data sent to printer:
115720648-> <2>Y0<3>
115720654-> data received from printer:
115720936-> <2>SENIAT    J-001097449    1600*800*3100*2           Bs0TIU2206171160420251138*300<3><6>
115720936-> ********************** COMMAND BEGIN **********************
115720937-> data sent to printer:
115720937-> <2>V<3>
115720957-> data received from printer:
115721115-> <6>
115721115-> ********************** COMMAND BEGIN **********************
115721116-> data sent to printer:
115721116-> <2>VNumero Orden: 0001459<3>
115721160-> data received from printer:
115721325-> <6>
115721326-> ********************** COMMAND BEGIN **********************
115721326-> data sent to printer:
115721326-> <2>V<3>
115721347-> data received from printer:
115721505-> <6>
115721510-> ********************** COMMAND BEGIN **********************
115721511-> data sent to printer:
115721511-> <2>V<161><161><161>GRACIAS POR SU COMPRA!!!<3>
115721563-> data received from printer:
115721715-> <6>
115721716-> ********************** COMMAND BEGIN **********************
115721716-> data sent to printer:
115721716-> <2>VSolo se aceptaran devoluciones<3>
115721770-> data received from printer:
115721925-> <6>
115721925-> ********************** COMMAND BEGIN **********************
115721926-> data sent to printer:
115721926-> <2>Vpor defectos de fabrica, con la<3>
115721981-> data received from printer:
115722136-> <6>
115722137-> ********************** COMMAND BEGIN **********************
115722137-> data sent to printer:
115722137-> <2>Vpresentacion de esta factura (original),<3>
115722204-> data received from printer:
115722361-> <6>
115722361-> ********************** COMMAND BEGIN **********************
115722362-> data sent to printer:
115722362-> <2>Vdentro de los treinta (30) dias<3>
115722417-> data received from printer:
115722571-> <6>
115722571-> ********************** COMMAND BEGIN **********************
115722572-> data sent to printer:
115722572-> <2>Vsiguientes a la emision de la misma.<3>
115722633-> data received from printer:
115722797-> <6>
115722797-> ********************** COMMAND BEGIN **********************
115722798-> data sent to printer:
115722798-> <2>M<3>
115724609-> data received from printer:
115724763-> <6>
115729836-> OPEN PORT: COM1@9600
115729906-> ********************** COMMAND BEGIN **********************
115729906-> data sent to printer:
115729906-> <2>Y3<3>
115729912-> data received from printer:
115730096-> <2>3784*3738*317*298<3><6>
115830712-> OPEN PORT: COM1@9600
115830780-> ********************** COMMAND BEGIN **********************
115830780-> data sent to printer:
115830781-> <2>e<3>
115830785-> data received from printer:
115830948-> <2>0000<3><6>
115830948-> ********************** COMMAND BEGIN **********************
115830949-> data sent to printer:
115830949-> <2>Q<3>
115830954-> data received from printer:
115831114-> <21>
115831115-> ********************** COMMAND BEGIN **********************
115831115-> data sent to printer:
115831115-> <2>M<3>
115831120-> data received from printer:
115831279-> <21>
115831443-> OPEN PORT: COM1@9600
115831512-> ********************** COMMAND BEGIN **********************
115831512-> data sent to printer:
115831512-> <2>e<3>
115831517-> data received from printer:
115831689-> <2>0000<3><6>
115831689-> ********************** COMMAND BEGIN **********************
115831690-> data sent to printer:
115831690-> <2>Q<3>
115831695-> data received from printer:
115831854-> <21>
115831854-> ********************** COMMAND BEGIN **********************
115831854-> data sent to printer:
115831854-> <2>M<3>
115831859-> data received from printer:
115832018-> <21>
115832112-> OPEN PORT: COM1@9600
115832179-> OPEN PORT: COM1@9600
115832180-> ********************** COMMAND BEGIN **********************
115832180-> data sent to printer:
115832181-> <2>L&1<3>
115832448-> data received from printer:
115832624-> <2>3785*3738<3><6>
115832625-> ********************** COMMAND BEGIN **********************
115832625-> data sent to printer:
115832625-> <2>VRazon Social: CARLOS VALDEZ<3>
115832677-> data received from printer:
115832835-> <6>
115832835-> ********************** COMMAND BEGIN **********************
115832836-> data sent to printer:
115832836-> <2>VCI/Rif: V-10095881<3>
115832876-> data received from printer:
115833029-> <6>
115833029-> ********************** COMMAND BEGIN **********************
115833030-> data sent to printer:
115833030-> <2>V----------------------------------------<3>
115833095-> data received from printer:
115833254-> <6>
115833254-> ********************** COMMAND BEGIN **********************
115833255-> data sent to printer:
115833255-> <2>Y0<3>
115833261-> data received from printer:
115833558-> <2>SENIAT    J-001097449    1600*800*3100*2           Bs0TIU2206171160420251140*300<3><6>
115833558-> ********************** COMMAND BEGIN **********************
115833559-> data sent to printer:
115833559-> <2>VL074138 UPCRMONTES-MS46B-SMV<3>
115833611-> data received from printer:
115833767-> <6>
115833768-> ********************** COMMAND BEGIN **********************
115833768-> data sent to printer:
115833768-> <2>N11,000xBs4093,20     00004093201<3>
115833870-> data received from printer:
115834023-> <6>
115837856-> ********************** COMMAND BEGIN **********************
115837857-> data sent to printer:
115837857-> <2>OT374800<0><0><0><0><0><128><215>+<3>
115837936-> data received from printer:
115838105-> <2>486055<3><6>
115840892-> ********************** COMMAND BEGIN **********************
115840893-> data sent to printer:
115840893-> <2>P111/04/2025 EFECTIVO 000000100000<3>
115840986-> data received from printer:
115841144-> <6>
115845720-> ********************** COMMAND BEGIN **********************
115845721-> data sent to printer:
115845721-> <2>P1DIVISAS             000000374811<3>
115845811-> data received from printer:
115845962-> <6>
115846451-> ********************** COMMAND BEGIN **********************
115846451-> data sent to printer:
115846451-> <2>Y0<3>
115846456-> data received from printer:
115846742-> <2>SENIAT    J-001097449    1600*800*3100*2           Bs0TIU2206171160420251140*300<3><6>
115846742-> ********************** COMMAND BEGIN **********************
115846743-> data sent to printer:
115846743-> <2>V<3>
115846764-> data received from printer:
115846921-> <6>
115846921-> ********************** COMMAND BEGIN **********************
115846922-> data sent to printer:
115846922-> <2>VNumero Orden: 0001458<3>
115846967-> data received from printer:
115847131-> <6>
115847131-> ********************** COMMAND BEGIN **********************
115847132-> data sent to printer:
115847132-> <2>V<3>
115847151-> data received from printer:
115847310-> <6>
115847314-> ********************** COMMAND BEGIN **********************
115847315-> data sent to printer:
115847315-> <2>V<161><161><161>GRACIAS POR SU COMPRA!!!<3>
115847365-> data received from printer:
115847520-> <6>
115847520-> ********************** COMMAND BEGIN **********************
115847521-> data sent to printer:
115847521-> <2>VSolo se aceptaran devoluciones<3>
115847575-> data received from printer:
115847729-> <6>
115847729-> ********************** COMMAND BEGIN **********************
115847730-> data sent to printer:
115847730-> <2>Vpor defectos de fabrica, con la<3>
115847786-> data received from printer:
115847939-> <6>
115847939-> ********************** COMMAND BEGIN **********************
115847940-> data sent to printer:
115847940-> <2>Vpresentacion de esta factura (original),<3>
115848004-> data received from printer:
115848163-> <6>
115848163-> ********************** COMMAND BEGIN **********************
115848164-> data sent to printer:
115848164-> <2>Vdentro de los treinta (30) dias<3>
115848219-> data received from printer:
115848372-> <6>
115848372-> ********************** COMMAND BEGIN **********************
115848373-> data sent to printer:
115848373-> <2>Vsiguientes a la emision de la misma.<3>
115848435-> data received from printer:
115848597-> <6>
115848598-> ********************** COMMAND BEGIN **********************
115848598-> data sent to printer:
115848598-> <2>M<3>
115850516-> data received from printer:
115850677-> <6>
115855739-> OPEN PORT: COM1@9600
115855807-> ********************** COMMAND BEGIN **********************
115855808-> data sent to printer:
115855808-> <2>Y3<3>
115855814-> data received from printer:
115855997-> <2>3785*3738*317*298<3><6>
120932307-> OPEN PORT: COM1@9600
120932377-> ********************** COMMAND BEGIN **********************
120932377-> data sent to printer:
120932377-> <2>e<3>
120932382-> data received from printer:
120932552-> <2>0000<3><6>
120932553-> ********************** COMMAND BEGIN **********************
120932554-> data sent to printer:
120932554-> <2>Q<3>
120932559-> data received from printer:
120932717-> <21>
120932718-> ********************** COMMAND BEGIN **********************
120932718-> data sent to printer:
120932719-> <2>M<3>
120932723-> data received from printer:
120932881-> <21>
120933294-> OPEN PORT: COM1@9600
120933362-> ********************** COMMAND BEGIN **********************
120933362-> data sent to printer:
120933363-> <2>e<3>
120933367-> data received from printer:
120933535-> <2>0000<3><6>
120933536-> ********************** COMMAND BEGIN **********************
120933536-> data sent to printer:
120933536-> <2>Q<3>
120933541-> data received from printer:
120933700-> <21>
120933701-> ********************** COMMAND BEGIN **********************
120933701-> data sent to printer:
120933701-> <2>M<3>
120933706-> data received from printer:
120933864-> <21>
120933968-> OPEN PORT: COM1@9600
120934037-> OPEN PORT: COM1@9600
120934039-> ********************** COMMAND BEGIN **********************
120934039-> data sent to printer:
120934039-> <2>L&1<3>
120934307-> data received from printer:
120934482-> <2>3786*3738<3><6>
120934483-> ********************** COMMAND BEGIN **********************
120934483-> data sent to printer:
120934484-> <2>VRazon Social: CARLOS VALDEZ<3>
120934534-> data received from printer:
120934692-> <6>
120934692-> ********************** COMMAND BEGIN **********************
120934693-> data sent to printer:
120934693-> <2>VCI/Rif: V-10095881<3>
120934732-> data received from printer:
120934886-> <6>
120934887-> ********************** COMMAND BEGIN **********************
120934888-> data sent to printer:
120934888-> <2>V----------------------------------------<3>
120934954-> data received from printer:
120935111-> <6>
120935113-> ********************** COMMAND BEGIN **********************
120935113-> data sent to printer:
120935113-> <2>Y0<3>
120935119-> data received from printer:
120935414-> <2>SENIAT    J-001097449    1600*800*3100*2           Bs0TIU2206171160420251151*300<3><6>
120935417-> ********************** COMMAND BEGIN **********************
120935418-> data sent to printer:
120935418-> <2>VL074138 UPCRMONTES-MS46B-SMV<3>
120935471-> data received from printer:
120935623-> <6>
120935624-> ********************** COMMAND BEGIN **********************
120935624-> data sent to printer:
120935624-> <2>N11,000xBs4093,20     00004093201<3>
120935723-> data received from printer:
120935878-> <6>
120937884-> ********************** COMMAND BEGIN **********************
120937885-> data sent to printer:
120937885-> <2>OT374800<0><0><0><0><0><128>Yu<3>
120937966-> data received from printer:
120938140-> <2>486055<3><6>
121219802-> ********************** COMMAND BEGIN **********************
121219802-> data sent to printer:
121219802-> <2>P111/04/2025 EFECTIVO 000000100000<3>
121219892-> data received from printer:
121220051-> <6>
121231569-> ********************** COMMAND BEGIN **********************
121231569-> data sent to printer:
121231570-> <2>P1DIVISAS             000000374811<3>
121231662-> data received from printer:
121231817-> <6>
121236256-> ********************** COMMAND BEGIN **********************
121236257-> data sent to printer:
121236257-> <2>Y0<3>
121236263-> data received from printer:
121236559-> <2>SENIAT    J-001097449    1600*800*3100*2           Bs0TIU2206171160420251154*300<3><6>
121236560-> ********************** COMMAND BEGIN **********************
121236560-> data sent to printer:
121236560-> <2>V<3>
121236579-> data received from printer:
121236740-> <6>
121236740-> ********************** COMMAND BEGIN **********************
121236741-> data sent to printer:
121236741-> <2>VNumero Orden: 0001457<3>
121236784-> data received from printer:
121236936-> <6>
121236937-> ********************** COMMAND BEGIN **********************
121236937-> data sent to printer:
121236937-> <2>V<3>
121236957-> data received from printer:
121237115-> <6>
121237124-> ********************** COMMAND BEGIN **********************
121237125-> data sent to printer:
121237125-> <2>V<161><161><161>GRACIAS POR SU COMPRA!!!<3>
121237176-> data received from printer:
121237341-> <6>
121237342-> ********************** COMMAND BEGIN **********************
121237342-> data sent to printer:
121237342-> <2>VSolo se aceptaran devoluciones<3>
121237396-> data received from printer:
121237551-> <6>
121237551-> ********************** COMMAND BEGIN **********************
121237552-> data sent to printer:
121237552-> <2>Vpor defectos de fabrica, con la<3>
121237607-> data received from printer:
121237761-> <6>
121237761-> ********************** COMMAND BEGIN **********************
121237762-> data sent to printer:
121237762-> <2>Vpresentacion de esta factura (original),<3>
121237827-> data received from printer:
121237985-> <6>
121237985-> ********************** COMMAND BEGIN **********************
121237986-> data sent to printer:
121237986-> <2>Vdentro de los treinta (30) dias<3>
121238042-> data received from printer:
121238194-> <6>
121238195-> ********************** COMMAND BEGIN **********************
121238195-> data sent to printer:
121238195-> <2>Vsiguientes a la emision de la misma.<3>
121238256-> data received from printer:
121238420-> <6>
121238420-> ********************** COMMAND BEGIN **********************
121238421-> data sent to printer:
121238421-> <2>M<3>
121240338-> data received from printer:
121240500-> <6>
121245570-> OPEN PORT: COM1@9600
121245638-> ********************** COMMAND BEGIN **********************
121245638-> data sent to printer:
121245638-> <2>Y3<3>
121245644-> data received from printer:
121245829-> <2>3786*3738*317*298<3><6>
121338053-> OPEN PORT: COM1@9600
121338119-> ********************** COMMAND BEGIN **********************
121338120-> data sent to printer:
121338120-> <2>e<3>
121338125-> data received from printer:
121338285-> <2>0000<3><6>
121338285-> ********************** COMMAND BEGIN **********************
121338285-> data sent to printer:
121338285-> <2>Q<3>
121338290-> data received from printer:
121338450-> <21>
121338450-> ********************** COMMAND BEGIN **********************
121338451-> data sent to printer:
121338451-> <2>M<3>
121338456-> data received from printer:
121338616-> <21>
121338786-> OPEN PORT: COM1@9600
121338854-> ********************** COMMAND BEGIN **********************
121338854-> data sent to printer:
121338855-> <2>e<3>
121338859-> data received from printer:
121339026-> <2>0000<3><6>
121339026-> ********************** COMMAND BEGIN **********************
121339027-> data sent to printer:
121339027-> <2>Q<3>
121339031-> data received from printer:
121339191-> <21>
121339192-> ********************** COMMAND BEGIN **********************
121339192-> data sent to printer:
121339192-> <2>M<3>
121339197-> data received from printer:
121339356-> <21>
121339449-> OPEN PORT: COM1@9600
121339515-> OPEN PORT: COM1@9600
121339516-> ********************** COMMAND BEGIN **********************
121339516-> data sent to printer:
121339517-> <2>L&1<3>
121339783-> data received from printer:
121339961-> <2>3787*3738<3><6>
121339962-> ********************** COMMAND BEGIN **********************
121339962-> data sent to printer:
121339962-> <2>VRazon Social: CARLOS VALDEZ<3>
121340014-> data received from printer:
121340171-> <6>
121340172-> ********************** COMMAND BEGIN **********************
121340172-> data sent to printer:
121340172-> <2>VCI/Rif: V-10095881<3>
121340213-> data received from printer:
121340365-> <6>
121340365-> ********************** COMMAND BEGIN **********************
121340366-> data sent to printer:
121340366-> <2>V----------------------------------------<3>
121340431-> data received from printer:
121340590-> <6>
121340590-> ********************** COMMAND BEGIN **********************
121340591-> data sent to printer:
121340591-> <2>Y0<3>
121340597-> data received from printer:
121340879-> <2>SENIAT    J-001097449    1600*800*3100*2           Bs0TIU2206171160420251155*300<3><6>
121340880-> ********************** COMMAND BEGIN **********************
121340880-> data sent to printer:
121340880-> <2>VL074138 UPCRMONTES-MS46B-SMV<3>
121340932-> data received from printer:
121341089-> <6>
121341089-> ********************** COMMAND BEGIN **********************
121341090-> data sent to printer:
121341090-> <2>N11,000xBs4093,20     00004093201<3>
121341191-> data received from printer:
121341344-> <6>
121344212-> ********************** COMMAND BEGIN **********************
121344213-> data sent to printer:
121344213-> <2>OT374800<0><0><200>@<239><5>A<219><3>
121344291-> data received from printer:
121344455-> <2>486055<3><6>
121417369-> ********************** COMMAND BEGIN **********************
121417369-> data sent to printer:
121417369-> <2>P111/04/2025 EFECTIVO 000000100000<3>
121417461-> data received from printer:
121417613-> <6>
121427703-> ********************** COMMAND BEGIN **********************
121427703-> data sent to printer:
121427703-> <2>P1DIVISAS             04548,000000<3>
121427745-> data received from printer:
121427903-> <21>
121430853-> ********************** COMMAND BEGIN **********************
121430854-> data sent to printer:
121430854-> <2>Q<3>
121431848-> data received from printer:
121432001-> <6>
121432002-> ********************** COMMAND BEGIN **********************
121432002-> data sent to printer:
121432002-> <2>M<3>
121432007-> data received from printer:
121432166-> <21>
122035889-> OPEN PORT: COM1@9600
122035958-> ********************** COMMAND BEGIN **********************
122035958-> data sent to printer:
122035959-> <2>e<3>
122035963-> data received from printer:
122036131-> <2>0000<3><6>
122036132-> ********************** COMMAND BEGIN **********************
122036133-> data sent to printer:
122036133-> <2>Q<3>
122036138-> data received from printer:
122036295-> <21>
122036296-> ********************** COMMAND BEGIN **********************
122036297-> data sent to printer:
122036297-> <2>M<3>
122036302-> data received from printer:
122036460-> <21>
122036664-> OPEN PORT: COM1@9600
122036733-> ********************** COMMAND BEGIN **********************
122036733-> data sent to printer:
122036733-> <2>e<3>
122036738-> data received from printer:
122036900-> <2>0000<3><6>
122036901-> ********************** COMMAND BEGIN **********************
122036901-> data sent to printer:
122036902-> <2>Q<3>
122036906-> data received from printer:
122037065-> <21>
122037065-> ********************** COMMAND BEGIN **********************
122037066-> data sent to printer:
122037066-> <2>M<3>
122037071-> data received from printer:
122037231-> <21>
122037337-> OPEN PORT: COM1@9600
122037406-> OPEN PORT: COM1@9600
122037408-> ********************** COMMAND BEGIN **********************
122037408-> data sent to printer:
122037409-> <2>L&1<3>
122037678-> data received from printer:
122037850-> <2>3788*3787<3><6>
122037851-> ********************** COMMAND BEGIN **********************
122037851-> data sent to printer:
122037852-> <2>VRazon Social: CARLOS VALDEZ<3>
122037901-> data received from printer:
122038060-> <6>
122038061-> ********************** COMMAND BEGIN **********************
122038061-> data sent to printer:
122038061-> <2>VCI/Rif: V-10095881<3>
122038101-> data received from printer:
122038255-> <6>
122038255-> ********************** COMMAND BEGIN **********************
122038256-> data sent to printer:
122038256-> <2>V----------------------------------------<3>
122038321-> data received from printer:
122038480-> <6>
122038482-> ********************** COMMAND BEGIN **********************
122038482-> data sent to printer:
122038482-> <2>Y0<3>
122038488-> data received from printer:
122038784-> <2>SENIAT    J-001097449    1600*800*3100*2           Bs0TIU2206171160420251202*300<3><6>
122038787-> ********************** COMMAND BEGIN **********************
122038787-> data sent to printer:
122038788-> <2>VL074138 UPCRMONTES-MS46B-SMV<3>
122038839-> data received from printer:
122038994-> <6>
122038994-> ********************** COMMAND BEGIN **********************
122038994-> data sent to printer:
122038995-> <2>N11,000xBs4093,20     00004093201<3>
122039095-> data received from printer:
122039248-> <6>
122303653-> ********************** COMMAND BEGIN **********************
122303653-> data sent to printer:
122303653-> <2>OT374800<0><0><0><0><0><0>V<201><3>
122303733-> data received from printer:
122303903-> <2>486055<3><6>
122349066-> ********************** COMMAND BEGIN **********************
122349066-> data sent to printer:
122349066-> <2>P111/04/2025 EFECTIVO 000000100000<3>
122349157-> data received from printer:
122349317-> <6>
122406681-> ********************** COMMAND BEGIN **********************
122406681-> data sent to printer:
122406682-> <2>P1DIVISAS             04548,000000<3>
122406724-> data received from printer:
122406875-> <21>
122446102-> ********************** COMMAND BEGIN **********************
122446102-> data sent to printer:
122446103-> <2>Q<3>
122447098-> data received from printer:
122447260-> <6>
122447268-> ********************** COMMAND BEGIN **********************
122447268-> data sent to printer:
122447268-> <2>M<3>
122447273-> data received from printer:
122447425-> <21>
122619997-> OPEN PORT: COM1@9600
122620067-> ********************** COMMAND BEGIN **********************
122620067-> data sent to printer:
122620067-> <2>e<3>
122620072-> data received from printer:
122620243-> <2>0000<3><6>
122620244-> ********************** COMMAND BEGIN **********************
122620244-> data sent to printer:
122620244-> <2>Q<3>
122620249-> data received from printer:
122620409-> <21>
122620410-> ********************** COMMAND BEGIN **********************
122620410-> data sent to printer:
122620410-> <2>M<3>
122620415-> data received from printer:
122620574-> <21>
122621083-> OPEN PORT: COM1@9600
122621152-> ********************** COMMAND BEGIN **********************
122621153-> data sent to printer:
122621153-> <2>e<3>
122621158-> data received from printer:
122621327-> <2>0000<3><6>
122621328-> ********************** COMMAND BEGIN **********************
122621328-> data sent to printer:
122621328-> <2>Q<3>
122621333-> data received from printer:
122621492-> <21>
122621493-> ********************** COMMAND BEGIN **********************
122621493-> data sent to printer:
122621493-> <2>M<3>
122621498-> data received from printer:
122621657-> <21>
122621751-> OPEN PORT: COM1@9600
122621818-> OPEN PORT: COM1@9600
122621819-> ********************** COMMAND BEGIN **********************
122621819-> data sent to printer:
122621819-> <2>L&1<3>
122622086-> data received from printer:
122622262-> <2>3789*3788<3><6>
122622262-> ********************** COMMAND BEGIN **********************
122622263-> data sent to printer:
122622263-> <2>VRazon Social: CARLOS VALDEZ<3>
122622313-> data received from printer:
122622472-> <6>
122622472-> ********************** COMMAND BEGIN **********************
122622473-> data sent to printer:
122622473-> <2>VCI/Rif: V-10095881<3>
122622513-> data received from printer:
122622667-> <6>
122622668-> ********************** COMMAND BEGIN **********************
122622668-> data sent to printer:
122622668-> <2>V----------------------------------------<3>
122622733-> data received from printer:
122622892-> <6>
122622893-> ********************** COMMAND BEGIN **********************
122622893-> data sent to printer:
122622893-> <2>Y0<3>
122622899-> data received from printer:
122623182-> <2>SENIAT    J-001097449    1600*800*3100*2           Bs0TIU2206171160420251208*300<3><6>
122623183-> ********************** COMMAND BEGIN **********************
122623183-> data sent to printer:
122623184-> <2>VL074138 UPCRMONTES-MS46B-SMV<3>
122623236-> data received from printer:
122623392-> <6>
122623393-> ********************** COMMAND BEGIN **********************
122623393-> data sent to printer:
122623393-> <2>N11,000xBs4093,20     00004093201<3>
122623491-> data received from printer:
122623646-> <6>
122630966-> ********************** COMMAND BEGIN **********************
122630967-> data sent to printer:
122630967-> <2>OT374800<0><0><0><0><0><128><251><201><3>
122631048-> data received from printer:
122631212-> <2>486055<3><6>
122637407-> ********************** COMMAND BEGIN **********************
122637407-> data sent to printer:
122637408-> <2>P111/04/2025 EFECTIVO 000000100000<3>
122637497-> data received from printer:
122637657-> <6>
123205211-> ********************** COMMAND BEGIN **********************
123205212-> data sent to printer:
123205212-> <2>P1DIVISAS             04548,000000<3>
123205254-> data received from printer:
123205415-> <21>
123206411-> ********************** COMMAND BEGIN **********************
123206412-> data sent to printer:
123206413-> <2>Q<3>
123207408-> data received from printer:
123207563-> <6>
123207563-> ********************** COMMAND BEGIN **********************
123207564-> data sent to printer:
123207564-> <2>M<3>
123207569-> data received from printer:
123207727-> <21>
123238795-> OPEN PORT: COM1@9600
123238863-> ********************** COMMAND BEGIN **********************
123238863-> data sent to printer:
123238863-> <2>e<3>
123238868-> data received from printer:
123239038-> <2>0000<3><6>
123239039-> ********************** COMMAND BEGIN **********************
123239039-> data sent to printer:
123239039-> <2>Q<3>
123239044-> data received from printer:
123239202-> <21>
123239202-> ********************** COMMAND BEGIN **********************
123239203-> data sent to printer:
123239203-> <2>M<3>
123239208-> data received from printer:
123239367-> <21>
123239631-> OPEN PORT: COM1@9600
123239699-> ********************** COMMAND BEGIN **********************
123239699-> data sent to printer:
123239699-> <2>e<3>
123239704-> data received from printer:
123239865-> <2>0000<3><6>
123239866-> ********************** COMMAND BEGIN **********************
123239866-> data sent to printer:
123239866-> <2>Q<3>
123239871-> data received from printer:
123240030-> <21>
123240030-> ********************** COMMAND BEGIN **********************
123240031-> data sent to printer:
123240031-> <2>M<3>
123240036-> data received from printer:
123240195-> <21>
123240323-> OPEN PORT: COM1@9600
123240392-> OPEN PORT: COM1@9600
123240393-> ********************** COMMAND BEGIN **********************
123240393-> data sent to printer:
123240394-> <2>L&1<3>
123240661-> data received from printer:
123240831-> <2>3790*3789<3><6>
123240832-> ********************** COMMAND BEGIN **********************
123240832-> data sent to printer:
123240832-> <2>VRazon Social: CARLOS VALDEZ<3>
123240883-> data received from printer:
123241041-> <6>
123241042-> ********************** COMMAND BEGIN **********************
123241042-> data sent to printer:
123241042-> <2>VCI/Rif: V-10095881<3>
123241082-> data received from printer:
123241236-> <6>
123241237-> ********************** COMMAND BEGIN **********************
123241237-> data sent to printer:
123241237-> <2>V----------------------------------------<3>
123241302-> data received from printer:
123241461-> <6>
123241462-> ********************** COMMAND BEGIN **********************
123241462-> data sent to printer:
123241462-> <2>Y0<3>
123241468-> data received from printer:
123241753-> <2>SENIAT    J-001097449    1600*800*3100*2           Bs0TIU2206171160420251214*300<3><6>
123241754-> ********************** COMMAND BEGIN **********************
123241754-> data sent to printer:
123241754-> <2>VL074138 UPCRMONTES-MS46B-SMV<3>
123241806-> data received from printer:
123241963-> <6>
123241964-> ********************** COMMAND BEGIN **********************
123241964-> data sent to printer:
123241964-> <2>N11,000xBs4093,20     00004093201<3>
123242064-> data received from printer:
123242217-> <6>
123252736-> ********************** COMMAND BEGIN **********************
123252737-> data sent to printer:
123252737-> <2>OT374800<0><0><0><0><0><128><5><201><3>
123252817-> data received from printer:
123252985-> <2>486055<3><6>
123255571-> ********************** COMMAND BEGIN **********************
123255572-> data sent to printer:
123255572-> <2>P111/04/2025 EFECTIVO 000000100000<3>
123255662-> data received from printer:
123255824-> <6>
123303025-> ********************** COMMAND BEGIN **********************
123303025-> data sent to printer:
123303026-> <2>P1DIVISAS             000000454800<3>
123303117-> data received from printer:
123303278-> <6>
123305182-> ********************** COMMAND BEGIN **********************
123305182-> data sent to printer:
123305183-> <2>Y0<3>
123305188-> data received from printer:
123305471-> <2>SENIAT    J-001097449    1600*800*3100*2           Bs0TIU2206171160420251214*300<3><6>
123305472-> ********************** COMMAND BEGIN **********************
123305472-> data sent to printer:
123305473-> <2>V<3>
123305493-> data received from printer:
123305650-> <6>
123305651-> ********************** COMMAND BEGIN **********************
123305651-> data sent to printer:
123305651-> <2>VNumero Orden: 0001481<3>
123305695-> data received from printer:
123305846-> <6>
123305847-> ********************** COMMAND BEGIN **********************
123305847-> data sent to printer:
123305847-> <2>V<3>
123305867-> data received from printer:
123306027-> <6>
123306047-> ********************** COMMAND BEGIN **********************
123306048-> data sent to printer:
123306048-> <2>V<161><161><161>GRACIAS POR SU COMPRA!!!<3>
123306100-> data received from printer:
123306252-> <6>
123306252-> ********************** COMMAND BEGIN **********************
123306253-> data sent to printer:
123306253-> <2>VSolo se aceptaran devoluciones<3>
123306308-> data received from printer:
123306461-> <6>
123306461-> ********************** COMMAND BEGIN **********************
123306462-> data sent to printer:
123306462-> <2>Vpor defectos de fabrica, con la<3>
123306517-> data received from printer:
123306672-> <6>
123306672-> ********************** COMMAND BEGIN **********************
123306673-> data sent to printer:
123306673-> <2>Vpresentacion de esta factura (original),<3>
123306738-> data received from printer:
123306896-> <6>
123306896-> ********************** COMMAND BEGIN **********************
123306897-> data sent to printer:
123306897-> <2>Vdentro de los treinta (30) dias<3>
123306953-> data received from printer:
123307106-> <6>
123307107-> ********************** COMMAND BEGIN **********************
123307107-> data sent to printer:
123307107-> <2>Vsiguientes a la emision de la misma.<3>
123307168-> data received from printer:
123307330-> <6>
123307331-> ********************** COMMAND BEGIN **********************
123307331-> data sent to printer:
123307331-> <2>M<3>
123309274-> data received from printer:
123309424-> <6>
123314502-> OPEN PORT: COM1@9600
123314569-> ********************** COMMAND BEGIN **********************
123314569-> data sent to printer:
123314570-> <2>Y3<3>
123314576-> data received from printer:
123314762-> <2>3790*3789*317*298<3><6>
123314893-> OPEN PORT: COM1@9600
123314961-> ********************** COMMAND BEGIN **********************
123314962-> data sent to printer:
123314962-> <2>S<3>
123315178-> data received from printer:
123315336-> <6>
123315337-> ********************** COMMAND BEGIN **********************
123315337-> data sent to printer:
123315338-> <2>V----------------------------------------<3>
123315400-> data received from printer:
123315562-> <6>
123315563-> ********************** COMMAND BEGIN **********************
123315563-> data sent to printer:
123315563-> <2>V <3>
123315584-> data received from printer:
123315741-> <6>
123315741-> ********************** COMMAND BEGIN **********************
123315742-> data sent to printer:
123315742-> <2>VOs: 0001481<3>
123315773-> data received from printer:
123315937-> <6>
123315938-> ********************** COMMAND BEGIN **********************
123315938-> data sent to printer:
123315939-> <2>VFactura:  0003790<3>
123315976-> data received from printer:
123316132-> <6>
123316133-> ********************** COMMAND BEGIN **********************
123316133-> data sent to printer:
123316133-> <2>VCorrelativo: 7<3>
123316169-> data received from printer:
123316328-> <6>
123316329-> ********************** COMMAND BEGIN **********************
123316329-> data sent to printer:
123316329-> <2>VNombre de la sucursal: 302-OPTICA SAGA BUENAVENTURA<3>
123316403-> data received from printer:
123316568-> <6>
123316569-> ********************** COMMAND BEGIN **********************
123316569-> data sent to printer:
123316569-> <2>VCliente: V-10095881<3>
123316609-> data received from printer:
123316763-> <6>
123316764-> ********************** COMMAND BEGIN **********************
123316764-> data sent to printer:
123316764-> <2>VTelefono: 0424-1265113 <3>
123316807-> data received from printer:
123316958-> <6>
123316959-> ********************** COMMAND BEGIN **********************
123316959-> data sent to printer:
123316959-> <2>VBanco: MERCANTIL<3>
123316997-> data received from printer:
123317153-> <6>
123317154-> ********************** COMMAND BEGIN **********************
123317154-> data sent to printer:
123317154-> <2>VMonto:    687,51<3>
123317191-> data received from printer:
123317349-> <6>
123317350-> ********************** COMMAND BEGIN **********************
123317350-> data sent to printer:
123317351-> <2>V <3>
123317371-> data received from printer:
123317529-> <6>
123317529-> ********************** COMMAND BEGIN **********************
123317530-> data sent to printer:
123317530-> <2>V----------------------------------------<3>
123317592-> data received from printer:
123317754-> <6>
123317755-> ********************** COMMAND BEGIN **********************
123317755-> data sent to printer:
123317756-> <2>T<3>
123320511-> data received from printer:
123320672-> <6>
